// Auto-generated TinyML Model: wrist_fall_model
// Size: 19520 bytes

#ifndef MODEL_DATA_H
#define MODEL_DATA_H

const unsigned int fall_model_quant_len = 19520;
const unsigned char fall_model_quant_tflite[] = {
    0x1c, 0x00, 0x00, 0x00, 0x54, 0x46, 0x4c, 0x33, 0x14, 0x00, 0x20, 0x00, 
    0x1c, 0x00, 0x18, 0x00, 0x14, 0x00, 0x10, 0x00, 0x0c, 0x00, 0x00, 0x00, 
    0x08, 0x00, 0x04, 0x00, 0x14, 0x00, 0x00, 0x00, 0x1c, 0x00, 0x00, 0x00, 
    0x8c, 0x00, 0x00, 0x00, 0xe4, 0x00, 0x00, 0x00, 0x8c, 0x1b, 0x00, 0x00, 
    0x9c, 0x1b, 0x00, 0x00, 0x10, 0x4b, 0x00, 0x00, 0x03, 0x00, 0x00, 0x00, 
    0x01, 0x00, 0x00, 0x00, 0x04, 0x00, 0x00, 0x00, 0xa2, 0xdf, 0xff, 0xff, 
    0x0c, 0x00, 0x00, 0x00, 0x1c, 0x00, 0x00, 0x00, 0x3c, 0x00, 0x00, 0x00, 
    0x0f, 0x00, 0x00, 0x00, 0x73, 0x65, 0x72, 0x76, 0x69, 0x6e, 0x67, 0x5f, 
    0x64, 0x65, 0x66, 0x61, 0x75, 0x6c, 0x74, 0x00, 0x01, 0x00, 0x00, 0x00, 
    0x04, 0x00, 0x00, 0x00, 0x90, 0xff, 0xff, 0xff, 0x33, 0x00, 0x00, 0x00, 
    0x04, 0x00, 0x00, 0x00, 0x08, 0x00, 0x00, 0x00, 0x6f, 0x75, 0x74, 0x70, 
    0x75, 0x74, 0x5f, 0x30, 0x00, 0x00, 0x00, 0x00, 0x01, 0x00, 0x00, 0x00, 
    0x04, 0x00, 0x00, 0x00, 0x06, 0xe4, 0xff, 0xff, 0x04, 0x00, 0x00, 0x00, 
    0x0c, 0x00, 0x00, 0x00, 0x6b, 0x65, 0x72, 0x61, 0x73, 0x5f, 0x74, 0x65, 
    0x6e, 0x73, 0x6f, 0x72, 0x00, 0x00, 0x00, 0x00, 0x02, 0x00, 0x00, 0x00, 
    0x34, 0x00, 0x00, 0x00, 0x04, 0x00, 0x00, 0x00, 0xdc, 0xff, 0xff, 0xff, 
    0x36, 0x00, 0x00, 0x00, 0x04, 0x00, 0x00, 0x00, 0x13, 0x00, 0x00, 0x00, 
    0x43, 0x4f, 0x4e, 0x56, 0x45, 0x52, 0x53, 0x49, 0x4f, 0x4e, 0x5f, 0x4d, 
    0x45, 0x54, 0x41, 0x44, 0x41, 0x54, 0x41, 0x00, 0x08, 0x00, 0x0c, 0x00, 
    0x08, 0x00, 0x04, 0x00, 0x08, 0x00, 0x00, 0x00, 0x35, 0x00, 0x00, 0x00, 
    0x04, 0x00, 0x00, 0x00, 0x13, 0x00, 0x00, 0x00, 0x6d, 0x69, 0x6e, 0x5f, 
    0x72, 0x75, 0x6e, 0x74, 0x69, 0x6d, 0x65, 0x5f, 0x76, 0x65, 0x72, 0x73, 
    0x69, 0x6f, 0x6e, 0x00, 0x37, 0x00, 0x00, 0x00, 0xa4, 0x1a, 0x00, 0x00, 
    0x9c, 0x1a, 0x00, 0x00, 0x88, 0x1a, 0x00, 0x00, 0x6c, 0x1a, 0x00, 0x00, 
    0x58, 0x1a, 0x00, 0x00, 0x3c, 0x1a, 0x00, 0x00, 0x20, 0x1a, 0x00, 0x00, 
    0x04, 0x1a, 0x00, 0x00, 0xf0, 0x19, 0x00, 0x00, 0xd8, 0x19, 0x00, 0x00, 
    0xbc, 0x19, 0x00, 0x00, 0xa4, 0x19, 0x00, 0x00, 0x8c, 0x19, 0x00, 0x00, 
    0x5c, 0x19, 0x00, 0x00, 0x0c, 0x19, 0x00, 0x00, 0xfc, 0x16, 0x00, 0x00, 
    0xcc, 0x16, 0x00, 0x00, 0x3c, 0x16, 0x00, 0x00, 0x2c, 0x0a, 0x00, 0x00, 
    0xfc, 0x09, 0x00, 0x00, 0xcc, 0x09, 0x00, 0x00, 0x3c, 0x09, 0x00, 0x00, 
    0x2c, 0x03, 0x00, 0x00, 0x0c, 0x03, 0x00, 0x00, 0xec, 0x02, 0x00, 0x00, 
    0x9c, 0x02, 0x00, 0x00, 0x6c, 0x01, 0x00, 0x00, 0x64, 0x01, 0x00, 0x00, 
    0x5c, 0x01, 0x00, 0x00, 0x54, 0x01, 0x00, 0x00, 0x4c, 0x01, 0x00, 0x00, 
    0x44, 0x01, 0x00, 0x00, 0x3c, 0x01, 0x00, 0x00, 0x34, 0x01, 0x00, 0x00, 
    0x2c, 0x01, 0x00, 0x00, 0x24, 0x01, 0x00, 0x00, 0x1c, 0x01, 0x00, 0x00, 
    0x14, 0x01, 0x00, 0x00, 0x0c, 0x01, 0x00, 0x00, 0x04, 0x01, 0x00, 0x00, 
    0xfc, 0x00, 0x00, 0x00, 0xf4, 0x00, 0x00, 0x00, 0xec, 0x00, 0x00, 0x00, 
    0xe4, 0x00, 0x00, 0x00, 0xdc, 0x00, 0x00, 0x00, 0xd4, 0x00, 0x00, 0x00, 
    0xcc, 0x00, 0x00, 0x00, 0xc4, 0x00, 0x00, 0x00, 0xbc, 0x00, 0x00, 0x00, 
    0xb4, 0x00, 0x00, 0x00, 0xac, 0x00, 0x00, 0x00, 0xa4, 0x00, 0x00, 0x00, 
    0x9c, 0x00, 0x00, 0x00, 0x7c, 0x00, 0x00, 0x00, 0x04, 0x00, 0x00, 0x00, 
    0x5e, 0xe5, 0xff, 0xff, 0x04, 0x00, 0x00, 0x00, 0x68, 0x00, 0x00, 0x00, 
    0x0c, 0x00, 0x00, 0x00, 0x08, 0x00, 0x0e, 0x00, 0x08, 0x00, 0x04, 0x00, 
    0x08, 0x00, 0x00, 0x00, 0x10, 0x00, 0x00, 0x00, 0x28, 0x00, 0x00, 0x00, 
    0x00, 0x00, 0x06, 0x00, 0x08, 0x00, 0x04, 0x00, 0x06, 0x00, 0x00, 0x00, 
    0x04, 0x00, 0x00, 0x00, 0x01, 0x00, 0x00, 0x00, 0xeb, 0x03, 0x00, 0x00, 
    0x0c, 0x00, 0x1c, 0x00, 0x18, 0x00, 0x14, 0x00, 0x10, 0x00, 0x04, 0x00, 
    0x0c, 0x00, 0x00, 0x00, 0x0b, 0x6e, 0x09, 0x68, 0xe1, 0x6f, 0x36, 0x47, 
    0x00, 0x00, 0x00, 0x00, 0x02, 0x00, 0x00, 0x00, 0x02, 0x00, 0x00, 0x00, 
    0x04, 0x00, 0x00, 0x00, 0x0a, 0x00, 0x00, 0x00, 0x32, 0x2e, 0x32, 0x32, 
    0x2e, 0x30, 0x2d, 0x72, 0x63, 0x30, 0x00, 0x00, 0xd2, 0xe5, 0xff, 0xff, 
    0x04, 0x00, 0x00, 0x00, 0x10, 0x00, 0x00, 0x00, 0x32, 0x2e, 0x33, 0x2e, 
    0x30, 0x00, 0x00, 0x00, 0x00, 0x00, 0x00, 0x00, 0x00, 0x00, 0x00, 0x00, 
    0x00, 0xb8, 0xff, 0xff, 0x04, 0xb8, 0xff, 0xff, 0x08, 0xb8, 0xff, 0xff, 
    0x0c, 0xb8, 0xff, 0xff, 0x10, 0xb8, 0xff, 0xff, 0x14, 0xb8, 0xff, 0xff, 
    0x18, 0xb8, 0xff, 0xff, 0x1c, 0xb8, 0xff, 0xff, 0x20, 0xb8, 0xff, 0xff, 
    0x24, 0xb8, 0xff, 0xff, 0x28, 0xb8, 0xff, 0xff, 0x2c, 0xb8, 0xff, 0xff, 
    0x30, 0xb8, 0xff, 0xff, 0x34, 0xb8, 0xff, 0xff, 0x38, 0xb8, 0xff, 0xff, 
    0x3c, 0xb8, 0xff, 0xff, 0x40, 0xb8, 0xff, 0xff, 0x44, 0xb8, 0xff, 0xff, 
    0x48, 0xb8, 0xff, 0xff, 0x4c, 0xb8, 0xff, 0xff, 0x50, 0xb8, 0xff, 0xff, 
    0x54, 0xb8, 0xff, 0xff, 0x58, 0xb8, 0xff, 0xff, 0x5c, 0xb8, 0xff, 0xff, 
    0x60, 0xb8, 0xff, 0xff, 0x64, 0xb8, 0xff, 0xff, 0x56, 0xe6, 0xff, 0xff, 
    0x04, 0x00, 0x00, 0x00, 0x20, 0x01, 0x00, 0x00, 0x81, 0x36, 0xe2, 0x2e, 
    0xe0, 0xef, 0x1b, 0x79, 0xcc, 0xdb, 0x2e, 0x3a, 0x76, 0x24, 0xef, 0xfc, 
    0xf9, 0xd4, 0xfc, 0x9f, 0x0a, 0x02, 0xff, 0xff, 0xfa, 0x8b, 0xfc, 0xfe, 
    0x02, 0x00, 0x00, 0x81, 0x0b, 0x00, 0xff, 0x00, 0xba, 0x4f, 0x39, 0xf6, 
    0xfd, 0x11, 0x81, 0x6a, 0x21, 0x18, 0x1a, 0x17, 0xd5, 0x7d, 0x34, 0xf4, 
    0x2a, 0x5a, 0xf4, 0x7f, 0xd0, 0x03, 0x11, 0x12, 0xf4, 0x65, 0xeb, 0x0e, 
    0x16, 0x0c, 0x19, 0x55, 0xea, 0x19, 0xf4, 0xe7, 0xf8, 0x5f, 0xaa, 0xf0, 
    0xfa, 0xfb, 0xe3, 0x7f, 0xa3, 0xf4, 0xf5, 0xf0, 0xd2, 0x5d, 0xa4, 0xb5, 
    0x0f, 0x0f, 0xd9, 0x7f, 0x5c, 0xed, 0x12, 0x05, 0xf0, 0x7c, 0x6e, 0x05, 
    0x09, 0xe4, 0x47, 0x6d, 0x5f, 0xfb, 0xf5, 0x08, 0x1d, 0xb6, 0x9e, 0x3c, 
    0x42, 0xa4, 0x42, 0x02, 0x81, 0x23, 0x18, 0x3c, 0x30, 0x02, 0xc7, 0x57, 
    0xdc, 0x52, 0x28, 0x68, 0xfb, 0x0f, 0x0a, 0xfe, 0x28, 0x7e, 0xe7, 0xf7, 
    0x0c, 0xf0, 0x35, 0x7f, 0xd7, 0xf5, 0xeb, 0x04, 0x0f, 0x19, 0x4e, 0xfa, 
    0xee, 0x06, 0xdd, 0x41, 0x50, 0x03, 0xf5, 0x29, 0xef, 0x3e, 0x7f, 0xf6, 
    0x18, 0x2f, 0x72, 0x88, 0xbb, 0x08, 0xc6, 0xc6, 0x64, 0x81, 0x06, 0xa5, 
    0xee, 0xde, 0x10, 0xae, 0x07, 0xe1, 0xed, 0x03, 0xf1, 0xfd, 0xa5, 0x03, 
    0x02, 0x10, 0x15, 0x1a, 0xaa, 0xe9, 0x12, 0xde, 0x22, 0xe6, 0x81, 0x0a, 
    0xe6, 0x1a, 0x0e, 0x67, 0x0f, 0xff, 0x02, 0x08, 0x12, 0x7f, 0x1e, 0xef, 
    0xf8, 0xf6, 0xee, 0x6e, 0x0d, 0x0f, 0x00, 0x00, 0x27, 0x9a, 0xf0, 0x13, 
    0x0a, 0x1c, 0x26, 0xad, 0xfc, 0x06, 0x12, 0x0e, 0x29, 0x81, 0xe3, 0xee, 
    0x12, 0xd8, 0x1b, 0x3f, 0xca, 0xe5, 0xed, 0xe3, 0x06, 0x36, 0xea, 0x02, 
    0x0c, 0x3b, 0xe7, 0x7f, 0x17, 0xe2, 0x06, 0xf2, 0x4b, 0x18, 0x6f, 0x09, 
    0xe8, 0xfa, 0x45, 0x24, 0x7c, 0xfb, 0x02, 0xd1, 0x7f, 0x43, 0x65, 0xf8, 
    0x0c, 0xcb, 0xac, 0xc0, 0x7f, 0x0c, 0xe8, 0x12, 0xbf, 0xd5, 0x65, 0x13, 
    0xf1, 0x0f, 0xe0, 0xd4, 0x66, 0xfb, 0x14, 0xe5, 0x82, 0xe7, 0xff, 0xff, 
    0x04, 0x00, 0x00, 0x00, 0x40, 0x00, 0x00, 0x00, 0x18, 0x00, 0x00, 0x00, 
    0xf3, 0xff, 0xff, 0xff, 0x07, 0x00, 0x00, 0x00, 0xfa, 0xff, 0xff, 0xff, 
    0xfe, 0xff, 0xff, 0xff, 0x02, 0x00, 0x00, 0x00, 0x01, 0x00, 0x00, 0x00, 
    0xff, 0xff, 0xff, 0xff, 0x0d, 0x00, 0x00, 0x00, 0xf9, 0xff, 0xff, 0xff, 
    0xfc, 0xff, 0xff, 0xff, 0x06, 0x00, 0x00, 0x00, 0x01, 0x00, 0x00, 0x00, 
    0x17, 0x00, 0x00, 0x00, 0x01, 0x00, 0x00, 0x00, 0x02, 0x00, 0x00, 0x00, 
    0xce, 0xe7, 0xff, 0xff, 0x04, 0x00, 0x00, 0x00, 0x10, 0x00, 0x00, 0x00, 
    0x15, 0x7f, 0xa7, 0xaf, 0x98, 0xda, 0xad, 0x0a, 0xc5, 0xab, 0x3d, 0x53, 
    0xaa, 0xdd, 0xa7, 0xdb, 0xea, 0xe7, 0xff, 0xff, 0x04, 0x00, 0x00, 0x00, 
    0x10, 0x00, 0x00, 0x00, 0x3d, 0x80, 0x77, 0x4a, 0x46, 0x77, 0x65, 0x70, 
    0x7d, 0x61, 0x53, 0x6d, 0x3c, 0x70, 0x77, 0x51, 0x06, 0xe8, 0xff, 0xff, 
    0x04, 0x00, 0x00, 0x00, 0x00, 0x06, 0x00, 0x00, 0x3e, 0xf5, 0xc4, 0x5f, 
    0xe0, 0x0a, 0x1e, 0x10, 0xd9, 0x97, 0xf6, 0x3a, 0xf9, 0xad, 0xad, 0xed, 
    0x01, 0xc3, 0xfc, 0x41, 0x1e, 0xd7, 0xc4, 0x68, 0xa4, 0x0b, 0x06, 0xf5, 
    0x05, 0xda, 0xf6, 0x14, 0xe6, 0x0a, 0xfc, 0xd8, 0x43, 0x1f, 0xcd, 0x2c, 
    0x3f, 0x32, 0x7f, 0xe1, 0x51, 0x4d, 0xed, 0x30, 0x28, 0x07, 0x01, 0x25, 
    0x15, 0x06, 0x42, 0x0b, 0xf0, 0x1a, 0xfc, 0x0d, 0x07, 0xbc, 0x13, 0x02, 
    0x5b, 0xcd, 0x0e, 0x16, 0xa9, 0x00, 0xe6, 0xf2, 0xf1, 0xfa, 0xac, 0x18, 
    0xcb, 0x81, 0x1f, 0x0c, 0x1a, 0xca, 0xf0, 0xb9, 0x2e, 0xeb, 0x03, 0xf7, 
    0x4d, 0x32, 0xdf, 0x01, 0xd1, 0x4b, 0x07, 0xe4, 0xea, 0x21, 0x28, 0xf8, 
    0x08, 0x08, 0xfd, 0x08, 0xbd, 0x0f, 0xc2, 0x3b, 0xf7, 0xcf, 0xd5, 0x00, 
    0xe2, 0xe4, 0x24, 0xea, 0x3d, 0x32, 0x3a, 0xce, 0xe9, 0xea, 0x01, 0x3a, 
    0xcb, 0xe3, 0xfd, 0x98, 0x52, 0xa1, 0xe3, 0x64, 0xea, 0x61, 0x23, 0x21, 
    0xfe, 0xa0, 0x3f, 0x7f, 0xf4, 0x26, 0xe0, 0x2d, 0xde, 0x1f, 0x3a, 0xf1, 
    0x29, 0x0f, 0xe9, 0x37, 0x69, 0xc9, 0x25, 0xb6, 0x7a, 0x8f, 0x35, 0x81, 
    0xb5, 0xfd, 0xef, 0x1b, 0xbf, 0x86, 0xdf, 0xda, 0xdc, 0x5e, 0x20, 0x5b, 
    0xf5, 0xb5, 0x47, 0x1a, 0x5e, 0xd8, 0x06, 0xec, 0x00, 0x94, 0xad, 0xed, 
    0xa3, 0x67, 0xbb, 0xe4, 0x52, 0x10, 0xf6, 0x51, 0x27, 0x81, 0x41, 0x17, 
    0xfe, 0xec, 0x9f, 0x19, 0xf3, 0xc6, 0x14, 0xf9, 0xda, 0xef, 0x44, 0x89, 
    0xe6, 0xba, 0xdf, 0x15, 0xe4, 0x14, 0xd3, 0x34, 0x44, 0xe8, 0xc5, 0x0e, 
    0xc9, 0x1c, 0xf3, 0x82, 0xd9, 0xec, 0x1d, 0x16, 0xad, 0xba, 0x23, 0xf7, 
    0x39, 0xaa, 0xb9, 0xc6, 0xcf, 0x0a, 0x34, 0xdd, 0x37, 0x7f, 0x0f, 0x84, 
    0x13, 0xd1, 0xbd, 0x3b, 0x19, 0x0b, 0xfb, 0x46, 0x1b, 0x12, 0x41, 0xf8, 
    0x55, 0x5f, 0x2a, 0x40, 0x0c, 0xee, 0x02, 0xea, 0xcd, 0xb7, 0xe1, 0x1f, 
    0x29, 0xbd, 0xf8, 0x16, 0xf8, 0x3e, 0xee, 0x3b, 0x00, 0xf8, 0x60, 0xdb, 
    0x28, 0x21, 0xfb, 0xb0, 0xe3, 0x00, 0x06, 0xf5, 0xda, 0xff, 0xa1, 0xe2, 
    0xcd, 0xa6, 0x27, 0xba, 0xca, 0x32, 0x96, 0x04, 0xdc, 0xf5, 0xc5, 0x60, 
    0x0b, 0xdd, 0xf9, 0xe4, 0xe3, 0xea, 0xef, 0xc9, 0xf3, 0xe5, 0xd9, 0x0a, 
    0x3e, 0xbc, 0x81, 0xb0, 0x77, 0x89, 0x10, 0xcd, 0x0b, 0x4e, 0xfd, 0x32, 
    0x0d, 0xfb, 0x49, 0x21, 0xfc, 0x21, 0x4c, 0xdc, 0xfa, 0xe6, 0x81, 0xf9, 
    0xf8, 0xf7, 0xfd, 0x2c, 0x11, 0x00, 0xed, 0x12, 0x07, 0xe0, 0xdb, 0x0a, 
    0xca, 0x14, 0xc5, 0xf4, 0xed, 0x93, 0xce, 0xe9, 0x05, 0x17, 0xea, 0xff, 
    0xaf, 0xfc, 0x21, 0x03, 0x02, 0xbd, 0xec, 0x26, 0x0f, 0xd2, 0x35, 0xec, 
    0x0b, 0x05, 0x14, 0x22, 0xf2, 0xd3, 0xb9, 0x30, 0xcc, 0xff, 0xdc, 0x36, 
    0x25, 0x03, 0xed, 0x53, 0xd0, 0x41, 0x4b, 0xcb, 0x2a, 0x24, 0xbd, 0x07, 
    0xd4, 0x5a, 0xe9, 0xe5, 0xdf, 0x02, 0x27, 0x81, 0x11, 0x4a, 0xd8, 0x06, 
    0x35, 0xf4, 0xa8, 0x13, 0xed, 0x07, 0x31, 0x36, 0xb7, 0xc7, 0x20, 0x1a, 
    0xb5, 0xc7, 0x0e, 0x1e, 0x14, 0xad, 0xa5, 0xe1, 0xff, 0xd4, 0xbe, 0xff, 
    0x38, 0x22, 0x81, 0xf8, 0x18, 0xf8, 0xdd, 0x20, 0xda, 0xf5, 0xe8, 0x91, 
    0x28, 0xfa, 0xd0, 0xfe, 0x1e, 0xca, 0xd4, 0x29, 0xe8, 0x1a, 0x13, 0x01, 
    0xe9, 0xdf, 0xf5, 0x2b, 0xde, 0x0e, 0x0f, 0x07, 0xe5, 0xd3, 0x1a, 0xf7, 
    0xdc, 0xa4, 0x0e, 0xdc, 0x08, 0x8e, 0xf7, 0x25, 0xe4, 0x7c, 0x13, 0x39, 
    0xf6, 0xa4, 0xdc, 0x8b, 0xac, 0x69, 0x01, 0xd0, 0x48, 0x05, 0xb6, 0xc4, 
    0x1c, 0x7d, 0xd4, 0x2f, 0xbb, 0x21, 0xef, 0x8a, 0x31, 0x11, 0xea, 0x0a, 
    0x0c, 0x04, 0xa1, 0x0e, 0x20, 0x7f, 0x07, 0xdc, 0x1c, 0x07, 0x96, 0x45, 
    0x1b, 0x43, 0x59, 0x4f, 0x13, 0x91, 0x43, 0x45, 0xe0, 0x41, 0xe4, 0xfe, 
    0xb6, 0xeb, 0xcb, 0x34, 0xf0, 0x0b, 0xcb, 0xdc, 0xfa, 0x81, 0xd5, 0xf7, 
    0xf0, 0x36, 0x0c, 0xed, 0xb3, 0xf6, 0x0b, 0x0a, 0x0a, 0x0c, 0xd3, 0xc9, 
    0xf5, 0xa5, 0x28, 0xe7, 0x21, 0x43, 0x26, 0xf5, 0xee, 0xf5, 0xd6, 0xf4, 
    0x0e, 0x14, 0x2a, 0x08, 0x1a, 0x1d, 0x0d, 0x4d, 0xec, 0x2f, 0x12, 0x1f, 
    0x27, 0x4f, 0x2a, 0x15, 0xb9, 0x18, 0xfb, 0xf1, 0x22, 0x11, 0xfc, 0x25, 
    0x0c, 0x28, 0x05, 0xfc, 0x13, 0x0e, 0x04, 0xfd, 0xb1, 0xc1, 0xd0, 0x16, 
    0xf7, 0xfe, 0xed, 0x2a, 0xc7, 0x0f, 0x81, 0xd9, 0x0e, 0x0d, 0xf2, 0xea, 
    0x8e, 0xf3, 0xe1, 0x03, 0xaf, 0xdc, 0x0b, 0xe8, 0xfa, 0x06, 0x30, 0xd2, 
    0xf3, 0x0a, 0xe9, 0xe7, 0xf9, 0x1a, 0xb7, 0x0b, 0xd8, 0xe5, 0x0f, 0x19, 
    0x29, 0xdc, 0xfb, 0xf8, 0xd9, 0x19, 0xe0, 0xf9, 0x39, 0x43, 0xe4, 0xf4, 
    0xf5, 0x06, 0x0a, 0xfd, 0xe9, 0x81, 0xec, 0x0e, 0x0e, 0x4a, 0xdb, 0x2b, 
    0x0b, 0x3a, 0x0b, 0x16, 0xcd, 0xca, 0x32, 0x3d, 0x36, 0xd5, 0xcf, 0x89, 
    0xd2, 0x96, 0xe1, 0x0b, 0x9f, 0x9c, 0xdc, 0x98, 0x1a, 0xbe, 0xc3, 0x8e, 
    0xc1, 0xe6, 0x4d, 0x3c, 0x34, 0xb4, 0x3c, 0x23, 0xad, 0xfd, 0xc1, 0xc8, 
    0xe0, 0x0e, 0x1f, 0xe3, 0x24, 0xe2, 0x1f, 0x10, 0x4b, 0xf1, 0x2c, 0xcc, 
    0x5a, 0x0a, 0xdc, 0x06, 0xe8, 0x7f, 0xf0, 0xc1, 0x0d, 0x2f, 0xf5, 0x0a, 
    0x10, 0xc9, 0xf7, 0x10, 0xcc, 0xde, 0x30, 0xff, 0x17, 0xee, 0x1a, 0x1b, 
    0x1c, 0x1a, 0x26, 0xb6, 0xf8, 0xff, 0xea, 0xfc, 0x08, 0x05, 0x3d, 0xf5, 
    0x15, 0x23, 0xce, 0xc6, 0xf8, 0x59, 0xdf, 0xff, 0xea, 0xe8, 0xe2, 0xac, 
    0xef, 0x81, 0x14, 0xce, 0x49, 0x00, 0xe7, 0xdd, 0x03, 0xfd, 0xe5, 0x2a, 
    0x20, 0x0c, 0xf7, 0x22, 0x16, 0xfd, 0xf1, 0x11, 0xff, 0xfe, 0xe7, 0x04, 
    0xe6, 0xe1, 0xd4, 0x14, 0x14, 0x10, 0xf4, 0x10, 0xee, 0xe6, 0xf0, 0xec, 
    0xf1, 0xf7, 0xfd, 0xea, 0xfe, 0xad, 0x81, 0x2b, 0x05, 0x05, 0x05, 0x02, 
    0xd8, 0x02, 0x1f, 0x09, 0xca, 0x04, 0x02, 0xf9, 0xfb, 0xd7, 0x1a, 0xf7, 
    0xee, 0x0d, 0xd4, 0x16, 0x33, 0x54, 0x4a, 0x00, 0xe4, 0x13, 0xfb, 0xd9, 
    0x36, 0xf3, 0x1a, 0xc1, 0xe6, 0x12, 0xf6, 0xa2, 0x48, 0xff, 0xee, 0x2e, 
    0x0a, 0x09, 0x1d, 0x38, 0x00, 0x11, 0xfe, 0xdd, 0x81, 0x27, 0x3d, 0x20, 
    0xbd, 0xbe, 0xc3, 0xf7, 0xf0, 0x89, 0xf4, 0xec, 0x1c, 0x4b, 0x0a, 0x06, 
    0x32, 0x47, 0x03, 0xe0, 0xf8, 0xee, 0x3f, 0x81, 0x38, 0xa5, 0x1d, 0x13, 
    0xec, 0x0a, 0x2c, 0x34, 0x30, 0xc6, 0xf8, 0x1d, 0x23, 0xdd, 0xdf, 0xb1, 
    0x05, 0x2d, 0xef, 0xcd, 0xbe, 0xb0, 0x9c, 0xbd, 0x08, 0xaa, 0xc1, 0xfa, 
    0xe6, 0xda, 0x0f, 0xfd, 0xc5, 0x4e, 0xf9, 0x2c, 0x77, 0x1a, 0x3b, 0x38, 
    0x61, 0x0d, 0xed, 0x17, 0x1d, 0x0f, 0x42, 0x62, 0x7f, 0xed, 0xe4, 0x13, 
    0x57, 0x58, 0x32, 0x20, 0x55, 0x23, 0x0e, 0xbc, 0xfc, 0xd2, 0x03, 0xda, 
    0x07, 0x66, 0x0a, 0xd4, 0xc4, 0xdd, 0x69, 0x7d, 0x0c, 0xdb, 0xf9, 0xc9, 
    0xa5, 0x2d, 0xe7, 0x03, 0xdf, 0x92, 0xe4, 0x6e, 0xc3, 0xf6, 0xe2, 0x11, 
    0x03, 0xc0, 0xf3, 0x32, 0xfa, 0xb3, 0x01, 0x36, 0x81, 0x01, 0x81, 0x0c, 
    0x92, 0xf1, 0xdb, 0xe0, 0xf5, 0xc2, 0x02, 0x1b, 0xd4, 0xde, 0xe0, 0x1d, 
    0xc0, 0xf2, 0xd6, 0x13, 0xa3, 0xf6, 0x9d, 0x19, 0xf8, 0xf8, 0xc7, 0x00, 
    0xcf, 0xfd, 0xda, 0x02, 0xed, 0xf7, 0x04, 0xfb, 0xcf, 0xdf, 0x07, 0xc7, 
    0xc7, 0x51, 0xca, 0xc8, 0x0e, 0xd0, 0xe2, 0xfb, 0x34, 0xe7, 0xf5, 0x22, 
    0x0f, 0xd4, 0xd4, 0xf7, 0x06, 0xfa, 0x1e, 0xf9, 0xf1, 0xee, 0xcf, 0x3c, 
    0x12, 0xf6, 0xfb, 0xae, 0xf0, 0x81, 0xdd, 0x11, 0x37, 0x1e, 0xff, 0x0b, 
    0x3f, 0xee, 0x4b, 0x2b, 0x31, 0x23, 0xe3, 0x0e, 0x65, 0x11, 0x22, 0xe8, 
    0x08, 0xe0, 0xf1, 0xe8, 0xf3, 0x20, 0x25, 0x3c, 0xf2, 0xcb, 0xba, 0x2c, 
    0x7f, 0x3b, 0xda, 0x2b, 0x38, 0x4f, 0xff, 0x4c, 0x0a, 0xdd, 0x13, 0xe1, 
    0x21, 0x32, 0xbc, 0xe8, 0xdf, 0xd6, 0x03, 0x2a, 0x00, 0x1d, 0x0d, 0x2d, 
    0x0b, 0xe2, 0x0a, 0x49, 0x02, 0xe0, 0xf6, 0xf0, 0xf2, 0xef, 0xf3, 0xf6, 
    0x33, 0xc8, 0x87, 0xd1, 0x01, 0x07, 0x24, 0x16, 0x3c, 0x3e, 0xe7, 0xc5, 
    0x68, 0xc2, 0x1b, 0xbd, 0xf7, 0xcc, 0x81, 0x97, 0xe2, 0x04, 0xce, 0xf6, 
    0x42, 0x3e, 0x1e, 0x9d, 0xe9, 0x24, 0xf9, 0xa6, 0x37, 0x53, 0xbf, 0x0d, 
    0x20, 0x32, 0x51, 0x0b, 0x34, 0xcc, 0x3d, 0xa9, 0x11, 0x09, 0x12, 0x13, 
    0x3a, 0x08, 0xaf, 0xd5, 0x21, 0x09, 0x08, 0x13, 0x21, 0x1f, 0xbd, 0x0b, 
    0x04, 0x13, 0x20, 0xcb, 0xf8, 0xd1, 0xdf, 0x83, 0x02, 0xf4, 0x06, 0xed, 
    0x1e, 0x13, 0x07, 0xdc, 0xbd, 0x2f, 0xd0, 0xf7, 0xda, 0xec, 0x81, 0xa2, 
    0x9d, 0xea, 0xfe, 0xf3, 0x00, 0xdc, 0xed, 0xf7, 0x04, 0x2f, 0x53, 0xe7, 
    0xd2, 0xc9, 0x35, 0xe1, 0xea, 0xf8, 0x15, 0xa8, 0xe5, 0xcf, 0xda, 0x11, 
    0x09, 0x05, 0xf4, 0x33, 0x10, 0xad, 0x1a, 0x04, 0xec, 0x0d, 0xff, 0xed, 
    0xc0, 0xde, 0xd9, 0x25, 0xd5, 0x81, 0xeb, 0x0c, 0x46, 0x1a, 0x3f, 0x1a, 
    0x22, 0xec, 0x12, 0x23, 0xe7, 0x38, 0x08, 0xff, 0x05, 0xb0, 0x02, 0xd8, 
    0xa1, 0xc7, 0xa2, 0x95, 0x5d, 0x17, 0xeb, 0xb2, 0xef, 0x20, 0xf7, 0xed, 
    0x47, 0x07, 0xf8, 0xe9, 0x24, 0x99, 0xe6, 0x84, 0xb0, 0xe9, 0xf9, 0x48, 
    0x7f, 0xc6, 0x2d, 0xf3, 0x59, 0x34, 0x00, 0x36, 0xbb, 0x24, 0xff, 0xf3, 
    0xcb, 0x3c, 0x03, 0xd4, 0x61, 0xa3, 0x19, 0x83, 0x03, 0x67, 0x10, 0xf9, 
    0x01, 0x20, 0xed, 0xdb, 0x33, 0x11, 0xdb, 0xe5, 0x13, 0xef, 0xc2, 0xad, 
    0xf3, 0x35, 0xf3, 0xd0, 0x1a, 0x39, 0xd1, 0x00, 0x10, 0x0e, 0x0a, 0x01, 
    0x0d, 0xf6, 0xe7, 0xfa, 0x17, 0x7f, 0x1d, 0x0f, 0x27, 0x03, 0x1a, 0x10, 
    0xdc, 0x09, 0x07, 0xdb, 0x03, 0xec, 0xd4, 0xbe, 0x25, 0xc1, 0xac, 0x0a, 
    0x3a, 0xd4, 0xb6, 0xaa, 0x81, 0x22, 0x22, 0x91, 0x4d, 0xc5, 0x05, 0xb1, 
    0x03, 0xc9, 0xaf, 0x0e, 0x3f, 0xc8, 0xb4, 0xe6, 0xd3, 0xe9, 0xde, 0x06, 
    0xcf, 0xd1, 0x27, 0xc8, 0x16, 0x1a, 0xeb, 0x1e, 0x5d, 0x1c, 0xbe, 0x12, 
    0x21, 0x46, 0xee, 0xfa, 0x43, 0x1e, 0x2a, 0xf6, 0xfc, 0xad, 0x8b, 0xf3, 
    0x5e, 0x0f, 0xfe, 0xf2, 0xfd, 0x1c, 0xbb, 0xc7, 0x95, 0xb7, 0x20, 0x39, 
    0x41, 0x14, 0xd6, 0x62, 0x6b, 0x99, 0xda, 0xd5, 0x4b, 0xc8, 0xa5, 0x0a, 
    0xd1, 0x13, 0xf1, 0xcb, 0xd0, 0x2a, 0x01, 0x7f, 0x48, 0xca, 0x44, 0x34, 
    0x0a, 0x39, 0xd4, 0x23, 0x20, 0x6f, 0x36, 0x0b, 0xf0, 0x29, 0xfb, 0xe9, 
    0x1b, 0xee, 0x81, 0xf8, 0xc5, 0xc8, 0xdd, 0xde, 0xf1, 0xf9, 0xdf, 0x03, 
    0xec, 0xe2, 0x12, 0xdf, 0xdb, 0x15, 0xac, 0xe8, 0xeb, 0xe1, 0xdc, 0xcd, 
    0x02, 0xf7, 0xec, 0xd8, 0x0b, 0xe7, 0x0a, 0x2d, 0x03, 0x16, 0xe5, 0x13, 
    0xd4, 0xe6, 0xe3, 0x23, 0x1f, 0x13, 0x22, 0x14, 0x15, 0xc7, 0x1b, 0x29, 
    0xfc, 0x0e, 0x31, 0xa9, 0x01, 0xe8, 0xd5, 0xaa, 0x28, 0x23, 0xf8, 0xed, 
    0x10, 0xf7, 0xca, 0x2a, 0x0f, 0x0c, 0x07, 0xeb, 0x81, 0x16, 0x04, 0x04, 
    0xf3, 0xf8, 0x18, 0xf3, 0xf6, 0x16, 0xdd, 0x08, 0x14, 0xe4, 0x1c, 0xea, 
    0xab, 0xf0, 0xfb, 0x15, 0x08, 0xde, 0xf4, 0xe6, 0x12, 0xee, 0xff, 0xff, 
    0x04, 0x00, 0x00, 0x00, 0x80, 0x00, 0x00, 0x00, 0x07, 0xf8, 0xff, 0xff, 
    0x27, 0xff, 0xff, 0xff, 0x03, 0xfb, 0xff, 0xff, 0x88, 0xff, 0xff, 0xff, 
    0xaf, 0xff, 0xff, 0xff, 0x5d, 0xf2, 0xff, 0xff, 0x6d, 0xfe, 0xff, 0xff, 
    0x5c, 0xff, 0xff, 0xff, 0xbc, 0xfd, 0xff, 0xff, 0x84, 0xfe, 0xff, 0xff, 
    0x47, 0xfd, 0xff, 0xff, 0xe7, 0xfd, 0xff, 0xff, 0x95, 0xff, 0xff, 0xff, 
    0x24, 0xff, 0xff, 0xff, 0x85, 0x02, 0x00, 0x00, 0xcc, 0xfd, 0xff, 0xff, 
    0xab, 0xfe, 0xff, 0xff, 0xe0, 0xff, 0xff, 0xff, 0xbd, 0xfc, 0xff, 0xff, 
    0xf3, 0xec, 0xff, 0xff, 0x89, 0x00, 0x00, 0x00, 0xc8, 0xff, 0xff, 0xff, 
    0x66, 0xf8, 0xff, 0xff, 0xc0, 0xff, 0xff, 0xff, 0x6c, 0xff, 0xff, 0xff, 
    0x8c, 0xfd, 0xff, 0xff, 0x43, 0xff, 0xff, 0xff, 0x0d, 0xff, 0xff, 0xff, 
    0x56, 0xfe, 0xff, 0xff, 0x5a, 0xf6, 0xff, 0xff, 0xd5, 0xff, 0xff, 0xff, 
    0x6a, 0xfe, 0xff, 0xff, 0x9e, 0xee, 0xff, 0xff, 0x04, 0x00, 0x00, 0x00, 
    0x20, 0x00, 0x00, 0x00, 0xc3, 0xb8, 0xb5, 0xd6, 0xb4, 0xcb, 0xf7, 0xc7, 
    0xe0, 0x7f, 0xc6, 0xe0, 0xd3, 0xaa, 0xfd, 0x19, 0xc5, 0xbe, 0x42, 0xb4, 
    0xd1, 0xbe, 0xa6, 0xba, 0x03, 0xbf, 0xfd, 0xaf, 0xea, 0xd6, 0xf7, 0xd9, 
    0xca, 0xee, 0xff, 0xff, 0x04, 0x00, 0x00, 0x00, 0x20, 0x00, 0x00, 0x00, 
    0x2b, 0xf6, 0x26, 0x7f, 0x0a, 0x15, 0x22, 0x3f, 0x5c, 0x12, 0x57, 0xad, 
    0x34, 0x0d, 0xdf, 0x5d, 0x39, 0xf3, 0x46, 0x2d, 0x81, 0x1d, 0x23, 0x41, 
    0x96, 0x25, 0x6e, 0xf2, 0x3e, 0x2a, 0x80, 0x27, 0xf6, 0xee, 0xff, 0xff, 
    0x04, 0x00, 0x00, 0x00, 0x00, 0x0c, 0x00, 0x00, 0xa6, 0x36, 0xbb, 0xdb, 
    0xf4, 0xe7, 0x30, 0x1b, 0xec, 0xa5, 0x2b, 0xd8, 0xf9, 0x35, 0x9d, 0xee, 
    0x22, 0xfe, 0xe6, 0xbc, 0xd8, 0x42, 0xc8, 0x28, 0xad, 0x14, 0x1a, 0x32, 
    0xec, 0x38, 0xfc, 0xe2, 0x03, 0xe1, 0x9f, 0xb8, 0x21, 0xc9, 0xb7, 0xa8, 
    0xf6, 0x09, 0xa8, 0x36, 0x14, 0xd4, 0xe8, 0xc9, 0x1e, 0x1b, 0x20, 0xd4, 
    0x37, 0x09, 0xc3, 0xff, 0xff, 0xda, 0x81, 0x33, 0x00, 0xc4, 0x35, 0xf9, 
    0x14, 0x12, 0xc9, 0x00, 0xeb, 0x3f, 0xef, 0xab, 0x37, 0x1d, 0xd1, 0x48, 
    0xf5, 0x00, 0x89, 0x01, 0x0d, 0x32, 0xa7, 0xdd, 0xd1, 0xf9, 0x12, 0xd4, 
    0x3f, 0xf5, 0x01, 0x1d, 0xff, 0xfb, 0xfc, 0x1f, 0xcd, 0x1e, 0xc5, 0xba, 
    0x41, 0xe8, 0xcb, 0xc6, 0x99, 0x2d, 0xe9, 0xfe, 0x81, 0xa8, 0x1d, 0x19, 
    0x1e, 0x93, 0x3d, 0xd3, 0xfd, 0xec, 0xd7, 0xfc, 0x36, 0xbf, 0x99, 0x11, 
    0x21, 0xc8, 0xeb, 0x1c, 0xf6, 0x3b, 0xd6, 0x97, 0x51, 0x09, 0xd7, 0x0f, 
    0xfa, 0x13, 0x08, 0x05, 0x08, 0xf7, 0x21, 0x37, 0x0d, 0xd7, 0xdb, 0x06, 
    0x32, 0xc5, 0xf1, 0xdc, 0x3e, 0x0a, 0xd0, 0xee, 0xae, 0x11, 0x26, 0x3f, 
    0x1b, 0xdc, 0x17, 0xb1, 0xf4, 0xe8, 0xeb, 0x12, 0x0a, 0xcc, 0x10, 0xe7, 
    0xfb, 0x18, 0x14, 0x2a, 0x0d, 0xa9, 0xd4, 0x2c, 0x0d, 0xe5, 0x12, 0x03, 
    0x24, 0x15, 0x93, 0xf8, 0xf2, 0xf5, 0xff, 0x0f, 0x12, 0xe0, 0x14, 0xfb, 
    0xf9, 0xbe, 0x12, 0x13, 0xe2, 0xec, 0x25, 0xe1, 0xcd, 0x17, 0xe3, 0xc5, 
    0xf4, 0xe0, 0x1b, 0x03, 0xe6, 0xe5, 0xcd, 0x43, 0xd0, 0x2d, 0x1d, 0xfd, 
    0xde, 0x15, 0xe0, 0x35, 0xfe, 0xeb, 0xd2, 0xc7, 0xf0, 0x1d, 0xb9, 0xfd, 
    0x2e, 0x4a, 0xe7, 0xff, 0x29, 0xa9, 0xf3, 0xf3, 0xe0, 0xa8, 0xe9, 0x37, 
    0x38, 0xbe, 0x07, 0xf5, 0x1a, 0xc0, 0xec, 0x1b, 0x18, 0xf9, 0xf3, 0x0f, 
    0x12, 0x35, 0xe8, 0xc3, 0xe8, 0xfc, 0x16, 0x81, 0xcd, 0x2d, 0xd4, 0x33, 
    0x18, 0xca, 0xd9, 0x25, 0xf0, 0xd2, 0xdb, 0x26, 0x02, 0xcb, 0xf3, 0xc3, 
    0x53, 0x02, 0xcd, 0xfc, 0xe3, 0xed, 0x08, 0x27, 0xe3, 0xf6, 0xe3, 0xdf, 
    0xe2, 0xd7, 0xe7, 0xec, 0x1a, 0x28, 0xc3, 0x29, 0xeb, 0xd7, 0x1e, 0xf5, 
    0xdb, 0xfe, 0xd1, 0xdd, 0x4b, 0xa2, 0xec, 0xb3, 0x0f, 0xf6, 0xf3, 0x09, 
    0xe0, 0xd1, 0x0f, 0xe2, 0xce, 0x00, 0xfb, 0xd5, 0xf9, 0xcf, 0xdd, 0x03, 
    0x0a, 0xfc, 0xce, 0x04, 0xf7, 0xfc, 0xed, 0xf7, 0x0d, 0x0b, 0x81, 0xf1, 
    0xe0, 0xe5, 0xe5, 0xcd, 0xf5, 0x1e, 0xe1, 0x18, 0xee, 0xfd, 0xf3, 0x19, 
    0x14, 0xf3, 0x0f, 0x04, 0xab, 0xee, 0x55, 0x0e, 0xff, 0xf3, 0xe9, 0xf0, 
    0xe9, 0x19, 0xf7, 0x14, 0x09, 0x20, 0xff, 0xda, 0xd1, 0xe9, 0x03, 0xff, 
    0xdf, 0x1b, 0xe1, 0x0b, 0xe8, 0x01, 0xdb, 0x12, 0x38, 0xf9, 0x9c, 0xe1, 
    0xf1, 0x0c, 0xb8, 0xe1, 0xf7, 0x02, 0x9c, 0x02, 0xd5, 0xe8, 0x1d, 0x2b, 
    0x81, 0xe8, 0x2d, 0x15, 0xef, 0xb2, 0x22, 0xe0, 0xf8, 0xca, 0xef, 0x0d, 
    0x06, 0x0b, 0x28, 0xe2, 0x38, 0x1d, 0x41, 0x24, 0x05, 0xf1, 0x49, 0x30, 
    0x2a, 0xb8, 0x9e, 0xf5, 0x0f, 0x42, 0x12, 0x1e, 0xe9, 0x1f, 0x0a, 0xfb, 
    0xe3, 0x41, 0x09, 0xe2, 0x0d, 0x0b, 0xba, 0xe2, 0xf9, 0xe8, 0xe2, 0xe4, 
    0x14, 0xea, 0xec, 0xb1, 0x0c, 0x32, 0xd6, 0x95, 0xf9, 0xe9, 0xe5, 0x01, 
    0x08, 0xd3, 0x38, 0xe9, 0xee, 0x24, 0xfc, 0x08, 0x37, 0xae, 0x15, 0xb8, 
    0x35, 0x20, 0xd1, 0x48, 0x04, 0x1e, 0x5a, 0xfb, 0xa7, 0x3d, 0xd8, 0x83, 
    0x29, 0xfe, 0xb2, 0xe5, 0x87, 0x3b, 0x95, 0x05, 0xc6, 0x17, 0x0b, 0x13, 
    0x16, 0xf7, 0x2e, 0xcf, 0x91, 0x3f, 0xb6, 0xf8, 0xbc, 0xf1, 0x81, 0x0a, 
    0x49, 0xb6, 0xef, 0x07, 0xc0, 0x2b, 0xdd, 0xb1, 0x00, 0xf7, 0xd5, 0xe9, 
    0xb4, 0xe7, 0xac, 0xfd, 0xb4, 0xd4, 0xfe, 0x34, 0xfa, 0x9c, 0xfd, 0xc8, 
    0xf9, 0x0c, 0xc9, 0xec, 0x6c, 0xed, 0xb2, 0x40, 0x14, 0xe6, 0x48, 0xec, 
    0xb6, 0x0b, 0xdd, 0x07, 0x24, 0xc4, 0xf4, 0x42, 0x29, 0x3b, 0x01, 0xe0, 
    0xfc, 0x2a, 0x25, 0xec, 0x26, 0x05, 0xba, 0xe8, 0x30, 0xe5, 0x18, 0xc2, 
    0x68, 0x40, 0xc0, 0x0f, 0xe1, 0xff, 0xa7, 0x35, 0x11, 0xe4, 0x17, 0x91, 
    0x15, 0x05, 0x0b, 0xed, 0xd3, 0x1a, 0xd7, 0x4f, 0xc1, 0x12, 0x0c, 0xf6, 
    0x26, 0xdf, 0x0a, 0xf9, 0x4b, 0xef, 0x21, 0x22, 0xec, 0x16, 0x81, 0x1b, 
    0xfe, 0xf7, 0x5e, 0x09, 0x1d, 0xf9, 0x16, 0xea, 0x31, 0xe1, 0xf8, 0x1d, 
    0x1f, 0x09, 0xf0, 0x54, 0xfd, 0xfc, 0x28, 0x16, 0x02, 0xd8, 0xbd, 0xf2, 
    0x69, 0xe8, 0xf2, 0xbb, 0x2a, 0xe5, 0xad, 0xe5, 0x94, 0x2d, 0x2e, 0x1b, 
    0x14, 0x01, 0xf0, 0xbd, 0xef, 0xdd, 0xdc, 0x02, 0xf5, 0xb1, 0xe5, 0xdd, 
    0xee, 0x14, 0xe7, 0x24, 0x18, 0xd9, 0xcf, 0x15, 0xbc, 0x0f, 0xf7, 0x23, 
    0x17, 0xe4, 0xc7, 0x1d, 0x15, 0xea, 0xef, 0x2a, 0xcc, 0xd2, 0xe2, 0xc6, 
    0xd0, 0x02, 0x05, 0x0c, 0xe3, 0xe9, 0xee, 0x47, 0xf7, 0x03, 0xdb, 0x0c, 
    0xe4, 0x2b, 0x22, 0x18, 0x69, 0x6c, 0xeb, 0x2c, 0x5a, 0xed, 0x10, 0x1f, 
    0xbe, 0x0d, 0x7f, 0xe0, 0x1a, 0x11, 0x9d, 0xdb, 0x1d, 0xef, 0xe3, 0xbd, 
    0x1f, 0xb7, 0x9a, 0x18, 0x25, 0xef, 0xef, 0xdc, 0xd8, 0x2b, 0xfd, 0xec, 
    0x52, 0x18, 0xdf, 0x41, 0x1c, 0xb0, 0xd6, 0xa1, 0x09, 0xf4, 0xfc, 0xb2, 
    0xfd, 0x38, 0xe6, 0x13, 0xe8, 0x3a, 0x04, 0xd7, 0xc1, 0x23, 0x1b, 0x05, 
    0x06, 0xf7, 0xd7, 0x04, 0xeb, 0xe6, 0x1f, 0xd0, 0xcc, 0x41, 0x0f, 0x0b, 
    0x1c, 0x01, 0x12, 0x53, 0xfc, 0x39, 0x1a, 0x5a, 0x81, 0x18, 0xe3, 0xe1, 
    0xfd, 0xfe, 0xf0, 0x1a, 0xb0, 0xe8, 0x9c, 0xf7, 0xaa, 0x26, 0xd1, 0x87, 
    0x01, 0xdf, 0x06, 0xf0, 0x06, 0x48, 0x90, 0x1c, 0xb7, 0x02, 0xfb, 0x07, 
    0x1d, 0x20, 0xff, 0x02, 0xde, 0xf6, 0xfe, 0x93, 0x0f, 0xe1, 0xfd, 0xec, 
    0xd0, 0xf3, 0xba, 0x47, 0xb9, 0xf6, 0x11, 0xce, 0x23, 0xd2, 0x1d, 0xd9, 
    0x40, 0xd3, 0xb6, 0xf2, 0x09, 0xdd, 0xe5, 0xd9, 0xe3, 0xf5, 0x2f, 0xf6, 
    0xd1, 0x0a, 0xfe, 0xff, 0xe9, 0xdd, 0xee, 0xeb, 0x20, 0x19, 0xe1, 0xfa, 
    0xeb, 0x00, 0xbd, 0x26, 0x2e, 0x42, 0x07, 0xed, 0x26, 0x09, 0xde, 0xf5, 
    0x5b, 0x12, 0x08, 0xf1, 0x1c, 0xd6, 0x2b, 0x1b, 0xf8, 0x13, 0x18, 0xd1, 
    0xe0, 0x0b, 0x3a, 0x0b, 0xd4, 0xe1, 0xe3, 0xbc, 0x07, 0xfe, 0xae, 0xe6, 
    0xf3, 0xf5, 0x11, 0xfd, 0x25, 0xee, 0x08, 0x09, 0xfc, 0x04, 0x08, 0x08, 
    0x1e, 0x2a, 0x21, 0x04, 0xf0, 0x24, 0x08, 0x07, 0xb5, 0x14, 0x00, 0xfa, 
    0xee, 0xad, 0xc3, 0xe2, 0xeb, 0x0b, 0xef, 0xe5, 0x01, 0xe7, 0x28, 0xf1, 
    0xe3, 0x30, 0x06, 0xfe, 0xfe, 0x12, 0x04, 0xc4, 0x14, 0x35, 0x09, 0x06, 
    0xfd, 0xf6, 0xdb, 0xb9, 0x2f, 0xfc, 0x03, 0xd3, 0x0e, 0x00, 0x81, 0x20, 
    0xa1, 0x05, 0x04, 0xc2, 0xe3, 0xd3, 0x95, 0x11, 0x22, 0x02, 0xfa, 0xe3, 
    0x37, 0xdb, 0xed, 0xf8, 0xfd, 0x00, 0x6c, 0xb0, 0xf8, 0x01, 0xe6, 0xed, 
    0x00, 0x0d, 0x09, 0x1b, 0x04, 0x0f, 0xfe, 0xf3, 0x08, 0x0c, 0xe1, 0x0a, 
    0xde, 0x16, 0xe7, 0xea, 0x16, 0x13, 0x0a, 0xfe, 0xeb, 0x0a, 0x10, 0xf5, 
    0xb9, 0xdd, 0x09, 0x1f, 0x20, 0xf0, 0xf0, 0xe9, 0x0b, 0xed, 0x12, 0xd6, 
    0x20, 0x1e, 0x0b, 0x2d, 0x19, 0xb1, 0xfb, 0x05, 0xc4, 0xe2, 0xd9, 0xf1, 
    0x2d, 0x0b, 0x17, 0x81, 0xed, 0xef, 0xf4, 0xef, 0xb7, 0xd6, 0x1f, 0xfd, 
    0xf1, 0x09, 0x12, 0xa4, 0x04, 0x08, 0x27, 0x9b, 0xf5, 0x2d, 0xfc, 0x1f, 
    0xd1, 0xdd, 0xe7, 0xc2, 0xf3, 0x10, 0xea, 0x03, 0x0a, 0x07, 0x0e, 0xab, 
    0x21, 0x00, 0x03, 0x26, 0x30, 0xda, 0x20, 0x21, 0x99, 0x34, 0xf0, 0xb9, 
    0xf4, 0xf6, 0xe2, 0x06, 0x1e, 0xf9, 0x2c, 0xfb, 0xfb, 0x61, 0xce, 0xd2, 
    0x0b, 0x10, 0xe4, 0xd2, 0xba, 0x1b, 0x81, 0xec, 0xa3, 0x2d, 0xfe, 0xe2, 
    0x0f, 0x09, 0x04, 0x16, 0xfd, 0xe6, 0xad, 0xc8, 0x17, 0xf2, 0xe7, 0xeb, 
    0x09, 0x02, 0x00, 0xfd, 0x13, 0xec, 0xcc, 0xfc, 0x00, 0xd3, 0xf3, 0xe8, 
    0xf4, 0xf4, 0x27, 0xdf, 0x00, 0xdb, 0xc0, 0xe1, 0xe3, 0xec, 0x64, 0xf1, 
    0xd1, 0xf9, 0xcf, 0xed, 0x12, 0x1f, 0xf9, 0xf3, 0x18, 0x42, 0x09, 0x3c, 
    0x0f, 0x17, 0xd0, 0xe2, 0x19, 0x47, 0xd0, 0x1e, 0x0d, 0xfb, 0xf6, 0xbd, 
    0x16, 0xf4, 0xe9, 0xf3, 0xe0, 0xfb, 0x1d, 0xe2, 0xd4, 0xc0, 0x12, 0xf0, 
    0xe2, 0xaa, 0xd9, 0x14, 0x3b, 0xdc, 0xbe, 0xc3, 0xfe, 0xd9, 0xd7, 0xac, 
    0x0d, 0xc3, 0x0b, 0xbf, 0xe2, 0xe0, 0x0a, 0xe9, 0xf3, 0xec, 0xf7, 0xd3, 
    0xfb, 0xcd, 0x23, 0xdb, 0x05, 0x22, 0x15, 0xfd, 0xcf, 0x4b, 0x39, 0x06, 
    0xdf, 0xfb, 0xf7, 0xee, 0x07, 0x20, 0x04, 0xa0, 0xf3, 0x10, 0xf3, 0x2b, 
    0x04, 0x1b, 0x1b, 0x06, 0x1c, 0x10, 0xe5, 0xc4, 0xf3, 0x17, 0x1a, 0x1d, 
    0x18, 0x15, 0x10, 0xe3, 0xf3, 0x29, 0xf3, 0xe9, 0xa5, 0xc1, 0xf1, 0x4c, 
    0xdb, 0x10, 0x2b, 0x81, 0xf7, 0x27, 0x1a, 0x1f, 0x1d, 0x18, 0x2f, 0x0a, 
    0x2f, 0x0b, 0xdd, 0x11, 0x11, 0x1b, 0x32, 0xe0, 0x18, 0x0f, 0xec, 0xe3, 
    0xe1, 0x15, 0x2f, 0x15, 0x27, 0x30, 0x0a, 0xf4, 0x50, 0xd8, 0x10, 0x1a, 
    0x09, 0x07, 0xb4, 0x00, 0x1b, 0x07, 0x09, 0xe6, 0xf6, 0x22, 0xd7, 0x40, 
    0xe5, 0x08, 0x2f, 0x39, 0xcb, 0x13, 0xd7, 0xbd, 0xf4, 0xf6, 0x1c, 0x90, 
    0x2d, 0x12, 0xbc, 0x5c, 0x3b, 0xad, 0x05, 0xbb, 0x8b, 0xbe, 0xbe, 0xdf, 
    0x17, 0xd6, 0xce, 0xc6, 0xce, 0x0a, 0xb0, 0x06, 0xc3, 0xa8, 0x2b, 0xd4, 
    0xdb, 0x0d, 0x27, 0x20, 0xb1, 0x0a, 0x1c, 0x81, 0xac, 0x40, 0xe1, 0x10, 
    0xb8, 0x2e, 0xe5, 0xe7, 0xef, 0x1d, 0x23, 0x0b, 0xe1, 0xea, 0x2e, 0x39, 
    0x36, 0xd4, 0xf8, 0x22, 0x24, 0x0c, 0xd0, 0xf7, 0xae, 0xc5, 0x05, 0xa7, 
    0x0d, 0x4a, 0xb8, 0xcf, 0xec, 0x24, 0xbc, 0xff, 0xb9, 0xfc, 0xbf, 0x0e, 
    0x18, 0xe7, 0x05, 0x16, 0xf2, 0x02, 0xf3, 0xfa, 0x15, 0x2a, 0xf6, 0x2a, 
    0x2d, 0xf0, 0x3b, 0x0b, 0x7f, 0x25, 0x31, 0x17, 0xf4, 0x0d, 0x57, 0x07, 
    0xaa, 0x02, 0x4d, 0x76, 0xfb, 0x3c, 0xed, 0xff, 0x15, 0xf3, 0xf6, 0xf2, 
    0x28, 0x1e, 0x0f, 0xdf, 0x42, 0xf8, 0xd4, 0x2e, 0xf2, 0x21, 0x12, 0x18, 
    0xc3, 0x18, 0xed, 0xf1, 0x0f, 0x2b, 0xd4, 0xc9, 0x17, 0xbf, 0xf8, 0x1d, 
    0xe5, 0xf8, 0x00, 0x27, 0x33, 0x50, 0x0d, 0x23, 0x2a, 0xe3, 0x2e, 0x08, 
    0xee, 0x1f, 0x12, 0x2d, 0xaf, 0xcb, 0xf7, 0xe7, 0x19, 0xb4, 0xf5, 0xfb, 
    0xfc, 0xff, 0x07, 0x2c, 0xf5, 0xdf, 0xe9, 0xdc, 0x19, 0xe4, 0xa8, 0x81, 
    0xcd, 0xed, 0xff, 0x06, 0xf7, 0x15, 0x0a, 0x1f, 0xf4, 0xea, 0xf5, 0xe1, 
    0x0f, 0xed, 0x13, 0xfb, 0x0c, 0x35, 0x10, 0xf5, 0x9c, 0x2a, 0x03, 0x10, 
    0xfb, 0xe4, 0xc7, 0xf1, 0x17, 0x22, 0xfb, 0xb8, 0x2f, 0x03, 0xff, 0x31, 
    0x24, 0xff, 0x2b, 0x08, 0x12, 0x24, 0xf0, 0xce, 0x01, 0x16, 0x43, 0x17, 
    0x02, 0x04, 0x24, 0xeb, 0x2c, 0x3d, 0xeb, 0xf0, 0xc6, 0xfc, 0xec, 0x4e, 
    0xfb, 0x01, 0x3e, 0x99, 0xec, 0x1b, 0x05, 0x0b, 0x37, 0xe1, 0x19, 0xff, 
    0x30, 0x24, 0xea, 0x18, 0xf4, 0x36, 0x55, 0xf9, 0x21, 0xe6, 0xfb, 0xf0, 
    0x0c, 0xd9, 0x09, 0x0f, 0x1f, 0xdb, 0xe5, 0xef, 0xeb, 0xe1, 0xf7, 0x81, 
    0x95, 0xd0, 0xc6, 0xd4, 0x15, 0xd8, 0x04, 0x0a, 0xf5, 0xe3, 0x0c, 0xa7, 
    0x20, 0x01, 0xf1, 0xf1, 0x16, 0x3a, 0x06, 0xfa, 0x0c, 0x2c, 0x13, 0x11, 
    0x05, 0xe1, 0xd5, 0xe3, 0x11, 0x12, 0xf9, 0xc6, 0x1c, 0xfa, 0x0c, 0x3c, 
    0xee, 0x22, 0x12, 0x07, 0xfd, 0x15, 0xda, 0xec, 0xf1, 0x21, 0x0f, 0x06, 
    0xf4, 0xf4, 0x22, 0xcb, 0xf6, 0x26, 0xe3, 0xfa, 0xc3, 0xed, 0xda, 0x36, 
    0xf0, 0x04, 0xff, 0xa6, 0xf8, 0x07, 0xdb, 0x2c, 0x26, 0xf9, 0xf9, 0xe6, 
    0x3d, 0x21, 0xaf, 0xff, 0xe4, 0x1f, 0x41, 0x16, 0xe2, 0x42, 0x1b, 0xcc, 
    0x23, 0x0d, 0xa2, 0xdb, 0x3c, 0xdf, 0x3a, 0x26, 0xf2, 0x11, 0x2e, 0xb2, 
    0xe2, 0xdf, 0xf7, 0xa6, 0xbd, 0x18, 0x98, 0x27, 0xc5, 0x4d, 0xc2, 0x25, 
    0xfa, 0x19, 0xd9, 0x07, 0xdf, 0xcb, 0x81, 0xdb, 0xd2, 0x2a, 0xd5, 0xa1, 
    0xda, 0x3c, 0xc2, 0xf5, 0xdf, 0xc0, 0xe4, 0x08, 0xf6, 0x2f, 0xfb, 0x23, 
    0x46, 0x84, 0x12, 0xd6, 0x31, 0xda, 0x06, 0x2d, 0xed, 0xd0, 0x03, 0x21, 
    0x34, 0x34, 0x04, 0xe4, 0xd7, 0x00, 0x29, 0xe6, 0x3a, 0x2d, 0xf9, 0x2d, 
    0xe8, 0xdb, 0xc0, 0x17, 0xeb, 0xea, 0xca, 0xfd, 0x24, 0xbc, 0xe1, 0x02, 
    0x54, 0xfe, 0xaf, 0x04, 0x08, 0xbf, 0xf2, 0x27, 0xdf, 0x24, 0xbf, 0x9c, 
    0x16, 0xd3, 0xbe, 0xbf, 0xd4, 0x4c, 0xef, 0xf8, 0xa6, 0x94, 0xc1, 0xfc, 
    0xc9, 0xc1, 0x14, 0x07, 0xe7, 0xe9, 0xd0, 0xf5, 0x0b, 0xe5, 0x90, 0x19, 
    0x81, 0xf5, 0xf6, 0x17, 0xf4, 0x1c, 0x29, 0x9e, 0x68, 0xe6, 0x0d, 0xec, 
    0xf0, 0x13, 0x09, 0x65, 0xb8, 0xf6, 0x38, 0x09, 0x3e, 0xd3, 0xfb, 0x1a, 
    0x48, 0xf8, 0xd2, 0xcb, 0x4f, 0x3f, 0xde, 0xf5, 0xf1, 0x1e, 0x55, 0x03, 
    0xb2, 0xfa, 0xf0, 0xfe, 0x06, 0xeb, 0xc4, 0x24, 0x24, 0x27, 0x14, 0x3b, 
    0x06, 0x12, 0x28, 0xee, 0x14, 0xd7, 0x90, 0xe3, 0xe9, 0xf1, 0xee, 0xec, 
    0xdd, 0x00, 0xc0, 0x3f, 0xde, 0xf8, 0x04, 0x38, 0xfe, 0xcd, 0xf6, 0xfb, 
    0xe8, 0xc6, 0xaa, 0x13, 0x2a, 0x08, 0xdb, 0xd8, 0x10, 0xff, 0x22, 0x81, 
    0xcb, 0xda, 0x00, 0xef, 0x10, 0xc0, 0x0e, 0x00, 0x0c, 0x08, 0xfd, 0xf2, 
    0xfd, 0xf7, 0xfa, 0x0d, 0x20, 0x43, 0x1b, 0x0d, 0xe6, 0xf9, 0x32, 0x08, 
    0xc4, 0xe5, 0xb6, 0x00, 0x10, 0x41, 0xfe, 0xc8, 0x09, 0xf3, 0xe4, 0xf9, 
    0x04, 0x2f, 0x31, 0xf4, 0x16, 0xf6, 0xd8, 0xe3, 0xf8, 0xfc, 0x04, 0xf4, 
    0x20, 0x1e, 0x1f, 0xb8, 0x17, 0x1c, 0xe1, 0xdd, 0xb7, 0x0b, 0x21, 0x5b, 
    0xf5, 0xee, 0xf3, 0x88, 0x16, 0x0b, 0x1c, 0x35, 0x36, 0xfa, 0x4f, 0xf8, 
    0x56, 0x2d, 0xdb, 0x1d, 0xd2, 0x17, 0x51, 0x1e, 0x1a, 0x12, 0x22, 0xbd, 
    0xc7, 0xdd, 0xd6, 0x02, 0xcd, 0xf0, 0x10, 0x0d, 0x1a, 0xdf, 0xc0, 0xea, 
    0xdd, 0xeb, 0xd5, 0xfe, 0x26, 0x24, 0x26, 0xc3, 0xf0, 0xf9, 0xdd, 0x38, 
    0xd4, 0xed, 0x7f, 0x0a, 0xb8, 0x0a, 0x13, 0x03, 0x1e, 0xd9, 0x1f, 0x08, 
    0xe8, 0xdb, 0xe6, 0x28, 0x0e, 0xfe, 0x35, 0xef, 0xef, 0x0f, 0x1e, 0xf7, 
    0x1a, 0x27, 0xd4, 0xf5, 0x0e, 0xd4, 0xe5, 0x4a, 0x0d, 0xe6, 0x42, 0xda, 
    0xc2, 0xf4, 0x12, 0x10, 0xff, 0x00, 0x30, 0x1f, 0xf8, 0x32, 0x08, 0x3d, 
    0xa1, 0xf3, 0xe2, 0xc4, 0xf3, 0x2b, 0x01, 0xdb, 0xe3, 0x2a, 0xfd, 0x19, 
    0xe2, 0xe3, 0x04, 0x31, 0x27, 0xfb, 0xd9, 0xd2, 0x2c, 0xfd, 0xbe, 0xdc, 
    0xfd, 0x35, 0xca, 0xf4, 0xdd, 0x10, 0x21, 0x2d, 0x0b, 0x1e, 0xa1, 0xe4, 
    0xce, 0x1b, 0xf5, 0x04, 0x2d, 0xed, 0x05, 0x12, 0x33, 0x94, 0xa2, 0x22, 
    0xeb, 0xf7, 0x1a, 0x89, 0x12, 0x14, 0x15, 0xde, 0x24, 0x3b, 0xf8, 0xea, 
    0xb8, 0x17, 0xb1, 0xfd, 0xea, 0x2d, 0xe1, 0xd2, 0xd7, 0xd5, 0xc5, 0x16, 
    0x39, 0x2d, 0x23, 0x44, 0xff, 0xb8, 0xfa, 0x03, 0x03, 0x2e, 0x7f, 0xa2, 
    0xd4, 0x50, 0x0e, 0xf8, 0xee, 0x69, 0x08, 0xea, 0xdf, 0xdb, 0x02, 0x2e, 
    0xfe, 0xff, 0xcf, 0xb5, 0xfd, 0xfe, 0x0e, 0x23, 0x0f, 0x16, 0x00, 0x09, 
    0x1c, 0x3e, 0xf6, 0x2b, 0xe9, 0x17, 0x40, 0x13, 0xfa, 0x07, 0xf5, 0xd4, 
    0xff, 0x27, 0xf9, 0x2c, 0xdf, 0xcf, 0x03, 0x03, 0x12, 0x0d, 0xc8, 0xe4, 
    0xe1, 0xe3, 0x03, 0xfd, 0x11, 0x1b, 0x31, 0x30, 0x25, 0x00, 0xf6, 0xf5, 
    0x3e, 0x1a, 0x43, 0x20, 0x08, 0x38, 0x22, 0x14, 0xef, 0x24, 0xc2, 0xdd, 
    0xc6, 0xf6, 0xc7, 0xf1, 0x1b, 0x1c, 0x22, 0xa1, 0x00, 0x12, 0x1d, 0x48, 
    0xee, 0xf1, 0x3d, 0x23, 0x01, 0x35, 0xe9, 0x20, 0xf0, 0x37, 0x24, 0xed, 
    0xe4, 0xe6, 0xe5, 0xec, 0x12, 0xfa, 0xff, 0xde, 0x9e, 0xd0, 0xba, 0xe1, 
    0xd3, 0x1b, 0x07, 0x89, 0x10, 0x10, 0xa8, 0x01, 0x7f, 0xfa, 0xed, 0xc7, 
    0x43, 0x07, 0xcc, 0xd5, 0xf2, 0xed, 0x6b, 0x9c, 0x0b, 0x4a, 0xf7, 0x28, 
    0x18, 0xca, 0xda, 0xb3, 0xe4, 0x42, 0xf3, 0xe0, 0x31, 0x22, 0xcd, 0xd0, 
    0xa7, 0x47, 0x21, 0xbe, 0xa9, 0x0c, 0x00, 0x2f, 0x0d, 0x1e, 0x22, 0x1a, 
    0x31, 0x06, 0xcd, 0x45, 0xfd, 0xd1, 0xce, 0xb9, 0xfe, 0xfe, 0xd6, 0x91, 
    0x31, 0xf7, 0xeb, 0x1e, 0xda, 0xfd, 0xbd, 0x05, 0xcd, 0x30, 0xa1, 0x2a, 
    0xf8, 0x03, 0x26, 0xb0, 0x27, 0xce, 0xf8, 0x0c, 0x0c, 0x90, 0xe9, 0x3b, 
    0xe4, 0x1e, 0xf2, 0xed, 0x09, 0x1a, 0x13, 0x96, 0x1b, 0xa5, 0xf6, 0x64, 
    0x12, 0x07, 0xf4, 0x47, 0xc5, 0x1f, 0x81, 0xe6, 0xf3, 0xfe, 0xea, 0xa2, 
    0xe9, 0x20, 0xcc, 0x22, 0xf5, 0xf5, 0xff, 0xed, 0xc6, 0x46, 0xd2, 0x81, 
    0x14, 0xee, 0x18, 0xe5, 0x91, 0x43, 0xff, 0xf5, 0xd8, 0xed, 0xf5, 0xdc, 
    0x05, 0x3a, 0x08, 0xc5, 0xb6, 0x0e, 0x9b, 0x22, 0x4f, 0x29, 0xf4, 0x5e, 
    0xb5, 0xdb, 0xe7, 0x20, 0xf6, 0x3e, 0x98, 0x16, 0xe6, 0xa1, 0xc5, 0xd1, 
    0x32, 0x27, 0xe8, 0xe3, 0x2e, 0x05, 0xc2, 0xc1, 0xd8, 0x11, 0xca, 0xeb, 
    0xc2, 0xda, 0xd4, 0xe5, 0x42, 0xf0, 0x8b, 0x57, 0x27, 0x04, 0x07, 0x3a, 
    0x3f, 0x01, 0xea, 0xe8, 0xfc, 0xe1, 0xb8, 0xc8, 0x40, 0x19, 0xa5, 0x45, 
    0x3e, 0x2b, 0xcb, 0x1f, 0xbf, 0x22, 0xc0, 0xe5, 0xbb, 0x1a, 0x1a, 0x8a, 
    0xea, 0x15, 0xae, 0xdd, 0xbd, 0x32, 0xb5, 0xd1, 0x05, 0x48, 0x00, 0xf3, 
    0x01, 0xcf, 0x0d, 0xdf, 0xfe, 0x2f, 0xdd, 0x31, 0x1c, 0x03, 0xe0, 0xc8, 
    0xcb, 0x1a, 0xdb, 0xd7, 0xe4, 0x17, 0x47, 0xea, 0x2f, 0xd3, 0xf5, 0x24, 
    0x0f, 0xf0, 0x30, 0x14, 0xea, 0x01, 0x24, 0x1b, 0xd8, 0x0f, 0x23, 0xf8, 
    0x1a, 0x2e, 0x02, 0x66, 0xed, 0x20, 0xc7, 0xed, 0x9a, 0x4b, 0x81, 0xf1, 
    0xd5, 0xf0, 0xdd, 0xcd, 0xee, 0x8f, 0x3a, 0x2a, 0xff, 0xaf, 0xc5, 0xcb, 
    0x1e, 0xf4, 0x24, 0x05, 0xef, 0x18, 0xd0, 0xf7, 0x33, 0xed, 0xe8, 0x54, 
    0xff, 0xef, 0xcb, 0x2f, 0xac, 0x0c, 0xb0, 0xd1, 0x21, 0xea, 0x0b, 0xdc, 
    0xea, 0x1f, 0x2d, 0x12, 0x02, 0xdb, 0xce, 0x09, 0x0b, 0xdd, 0x13, 0xef, 
    0x90, 0x0d, 0x07, 0xe2, 0xf0, 0x0d, 0x03, 0x54, 0xf8, 0x03, 0xb4, 0xb2, 
    0x20, 0xce, 0x34, 0xee, 0xf5, 0xc4, 0x3b, 0x12, 0xfa, 0x2f, 0xa2, 0x19, 
    0x04, 0xf5, 0x34, 0xea, 0x4e, 0x4d, 0x4b, 0xf4, 0xf9, 0x3a, 0x53, 0xeb, 
    0xb9, 0xeb, 0xe5, 0x4e, 0xe6, 0x39, 0x42, 0x92, 0xd8, 0x30, 0xb6, 0x36, 
    0xe1, 0x3c, 0x39, 0x12, 0x24, 0x11, 0xdb, 0xe0, 0xf3, 0x4a, 0x0d, 0x18, 
    0xdb, 0x06, 0xb7, 0x04, 0x25, 0x16, 0x28, 0xb5, 0xdc, 0xd1, 0x11, 0x43, 
    0xd3, 0x08, 0xe3, 0xd6, 0x0a, 0x2b, 0x23, 0xd5, 0x59, 0xe0, 0xe1, 0xce, 
    0x47, 0xb6, 0xd5, 0x22, 0x81, 0xdb, 0x3d, 0xce, 0xce, 0x0a, 0xe1, 0xcb, 
    0xe2, 0x14, 0x3d, 0x44, 0xe9, 0xbd, 0xe4, 0x94, 0x27, 0xf8, 0x1b, 0xc1, 
    0x04, 0xeb, 0x22, 0x10, 0x27, 0x35, 0xf2, 0x08, 0xe5, 0x04, 0x10, 0x31, 
    0xf3, 0x28, 0x1c, 0xcf, 0xee, 0x02, 0xe9, 0x30, 0xbb, 0x08, 0xf7, 0xe3, 
    0xfb, 0xc1, 0xed, 0xdc, 0x01, 0xf2, 0xc8, 0xfa, 0x22, 0xed, 0x4a, 0x04, 
    0xef, 0x07, 0xf1, 0xff, 0x1f, 0x16, 0xd9, 0x14, 0x37, 0x2e, 0x0f, 0xfb, 
    0xf1, 0x20, 0xcc, 0xdb, 0xf5, 0xfb, 0xd5, 0xf7, 0xd8, 0xd9, 0xa8, 0xe3, 
    0x23, 0x03, 0xd5, 0x8f, 0xda, 0xc7, 0xd1, 0xda, 0x24, 0x1d, 0xee, 0xf7, 
    0x20, 0xbd, 0xd0, 0xe6, 0x15, 0x04, 0x7f, 0xca, 0x07, 0xdc, 0x02, 0xec, 
    0xfb, 0x11, 0xff, 0xf0, 0x04, 0xef, 0x15, 0xed, 0xec, 0xf0, 0xf4, 0xcc, 
    0x81, 0xe5, 0xe1, 0x00, 0x25, 0xd0, 0x14, 0xed, 0xe6, 0xe0, 0x10, 0xf0, 
    0xf1, 0x04, 0x1c, 0xcf, 0x2e, 0x0a, 0x09, 0xe6, 0xe1, 0x25, 0xf1, 0x00, 
    0x12, 0x0a, 0xd3, 0x07, 0xc6, 0xf4, 0xd7, 0xe2, 0xc0, 0xfc, 0xf4, 0xe0, 
    0x00, 0xd7, 0x2c, 0xea, 0x01, 0xe0, 0xd3, 0x07, 0xf1, 0x04, 0x0e, 0xe7, 
    0xe1, 0x05, 0x08, 0xf2, 0x01, 0xf2, 0x1d, 0x0c, 0x0a, 0xf1, 0xde, 0xe7, 
    0xef, 0x20, 0x18, 0xdc, 0x28, 0xec, 0xe5, 0x02, 0xe6, 0x42, 0xec, 0xfd, 
    0xf8, 0x1d, 0xf7, 0xd0, 0x00, 0xe9, 0xf8, 0x15, 0xeb, 0xfc, 0xf7, 0x08, 
    0xc2, 0x21, 0x36, 0xf6, 0xf4, 0x1e, 0xd5, 0xf1, 0xf4, 0x12, 0x03, 0xf9, 
    0xce, 0x09, 0xd5, 0xf4, 0x2e, 0xc5, 0x0f, 0xcb, 0xe6, 0xf0, 0x0f, 0xff, 
    0xc7, 0xe7, 0xd0, 0x02, 0x16, 0xe8, 0x02, 0xec, 0xba, 0x25, 0x14, 0x11, 
    0xf3, 0xcb, 0x28, 0xfa, 0xdf, 0x39, 0xe4, 0x0b, 0xca, 0x14, 0xf9, 0xdc, 
    0xcc, 0x38, 0x04, 0xde, 0xf7, 0xd0, 0x5c, 0x7f, 0xc1, 0x10, 0x21, 0x21, 
    0x00, 0x20, 0x1c, 0x23, 0xeb, 0xeb, 0x35, 0xe7, 0x18, 0xf5, 0xf9, 0xcf, 
    0xe0, 0x1b, 0x29, 0x06, 0xc5, 0xe3, 0xf7, 0xbe, 0x19, 0xd3, 0x20, 0xe6, 
    0x0d, 0x17, 0xe9, 0xd9, 0xbb, 0xf7, 0x19, 0xc1, 0xc4, 0xd4, 0xe5, 0x22, 
    0x0d, 0xf2, 0x2c, 0xea, 0xf4, 0x01, 0xfe, 0x2f, 0x0d, 0x20, 0xae, 0xf4, 
    0xde, 0x31, 0xe8, 0xca, 0xc9, 0x13, 0xfc, 0xd8, 0xdc, 0xe0, 0x26, 0xeb, 
    0xf6, 0xfc, 0x07, 0x46, 0xef, 0x11, 0xf7, 0xeb, 0x05, 0x13, 0x1d, 0x04, 
    0x23, 0x25, 0x01, 0x76, 0xdd, 0x2a, 0x00, 0x00, 0x9d, 0x2d, 0x81, 0x07, 
    0xe4, 0x30, 0xfc, 0xc6, 0x02, 0xc3, 0x10, 0x1b, 0xb7, 0xdb, 0xd9, 0xe9, 
    0x1a, 0xf2, 0x1f, 0xc4, 0x00, 0xfe, 0x0b, 0x83, 0x38, 0xc0, 0xf9, 0x62, 
    0xdb, 0xd3, 0xf8, 0x0d, 0xea, 0xf5, 0xb9, 0x00, 0xfa, 0x19, 0x07, 0xa3, 
    0x20, 0x12, 0x26, 0x00, 0xc8, 0xf1, 0xfb, 0x43, 0xcf, 0xfd, 0xf2, 0xdd, 
    0x25, 0x26, 0xc8, 0xbf, 0xef, 0xe0, 0x1b, 0xf8, 0xea, 0x23, 0xd7, 0xbf, 
    0x1c, 0x00, 0xec, 0xf9, 0x81, 0x19, 0x05, 0x22, 0xaa, 0xd4, 0xaa, 0x28, 
    0x0a, 0xdb, 0xd6, 0xb6, 0x1d, 0x22, 0x91, 0xda, 0x06, 0xfd, 0x28, 0xd0, 
    0x9b, 0xfd, 0x1d, 0x18, 0xa4, 0xb3, 0x2c, 0xf6, 0xf4, 0xc8, 0x11, 0xec, 
    0xdd, 0xca, 0xd9, 0xcf, 0x4a, 0xe0, 0xae, 0x35, 0xec, 0xe0, 0x25, 0xf5, 
    0xf2, 0x2b, 0x0c, 0x14, 0x16, 0xe6, 0xc0, 0x0b, 0x1a, 0x24, 0x02, 0x4d, 
    0xcd, 0x1f, 0x03, 0x2d, 0x2b, 0x16, 0xca, 0xb7, 0x2e, 0xb1, 0xdc, 0xb3, 
    0x21, 0x48, 0xa0, 0xfa, 0xdf, 0xfb, 0xe7, 0x23, 0x02, 0xfb, 0xff, 0xff, 
    0x04, 0x00, 0x00, 0x00, 0x80, 0x00, 0x00, 0x00, 0x00, 0x00, 0x00, 0x00, 
    0x00, 0x00, 0x00, 0x00, 0x00, 0x00, 0x00, 0x00, 0x00, 0x00, 0x00, 0x00, 
    0x00, 0x00, 0x00, 0x00, 0x00, 0x00, 0x00, 0x00, 0x00, 0x00, 0x00, 0x00, 
    0x00, 0x00, 0x00, 0x00, 0x00, 0x00, 0x00, 0x00, 0x00, 0x00, 0x00, 0x00, 
    0x00, 0x00, 0x00, 0x00, 0x00, 0x00, 0x00, 0x00, 0x00, 0x00, 0x00, 0x00, 
    0x00, 0x00, 0x00, 0x00, 0x00, 0x00, 0x00, 0x00, 0x00, 0x00, 0x00, 0x00, 
    0x00, 0x00, 0x00, 0x00, 0x00, 0x00, 0x00, 0x00, 0x00, 0x00, 0x00, 0x00, 
    0x00, 0x00, 0x00, 0x00, 0x00, 0x00, 0x00, 0x00, 0x00, 0x00, 0x00, 0x00, 
    0x00, 0x00, 0x00, 0x00, 0x00, 0x00, 0x00, 0x00, 0x00, 0x00, 0x00, 0x00, 
    0x00, 0x00, 0x00, 0x00, 0x00, 0x00, 0x00, 0x00, 0x00, 0x00, 0x00, 0x00, 
    0x00, 0x00, 0x00, 0x00, 0x00, 0x00, 0x00, 0x00, 0x00, 0x00, 0x00, 0x00, 
    0x00, 0x00, 0x00, 0x00, 0x8e, 0xfb, 0xff, 0xff, 0x04, 0x00, 0x00, 0x00, 
    0x20, 0x00, 0x00, 0x00, 0x5d, 0xfc, 0x44, 0x30, 0x19, 0x4f, 0x69, 0x7f, 
    0x6a, 0xfc, 0x74, 0x42, 0xa6, 0x50, 0xa7, 0x8f, 0x87, 0x25, 0x3a, 0xd0, 
    0x69, 0x86, 0xf2, 0x02, 0x27, 0x79, 0x86, 0x1e, 0x80, 0x3a, 0x50, 0x23, 
    0xba, 0xfb, 0xff, 0xff, 0x04, 0x00, 0x00, 0x00, 0x00, 0x02, 0x00, 0x00, 
    0x15, 0xde, 0xe6, 0xe6, 0x0f, 0xcf, 0xfa, 0xe1, 0xeb, 0x81, 0x0c, 0x08, 
    0xe5, 0x2c, 0x26, 0xc9, 0xb0, 0x1d, 0xfd, 0x00, 0xfc, 0x0b, 0xb8, 0x15, 
    0x03, 0x27, 0x04, 0x99, 0xf2, 0x1d, 0x06, 0x05, 0xd4, 0xb0, 0xf4, 0xc4, 
    0x05, 0xac, 0x89, 0x2b, 0xc7, 0xe6, 0x0a, 0xbc, 0x33, 0xc0, 0x09, 0x27, 
    0x10, 0xcc, 0x82, 0xdd, 0x2d, 0x33, 0xf6, 0x10, 0xdc, 0xff, 0x16, 0x38, 
    0x24, 0x12, 0x24, 0x81, 0xfa, 0xb2, 0x81, 0x4a, 0xae, 0x92, 0xbd, 0x46, 
    0xfe, 0xf7, 0xdb, 0x0d, 0x14, 0x88, 0xdd, 0x46, 0xe0, 0xd2, 0xbb, 0xbe, 
    0x1d, 0x38, 0x87, 0xd6, 0x0d, 0xed, 0xfb, 0xd0, 0xa1, 0x00, 0x14, 0xb9, 
    0x53, 0xf9, 0x40, 0xf5, 0xf6, 0xc4, 0x63, 0x23, 0xf5, 0xd9, 0x41, 0xf0, 
    0x93, 0x49, 0xd6, 0xad, 0xab, 0x3a, 0x21, 0xc4, 0x70, 0x27, 0xed, 0x81, 
    0x74, 0x37, 0xce, 0x1c, 0x8d, 0xf6, 0xf8, 0x55, 0xef, 0xae, 0x1d, 0xfb, 
    0xf2, 0xfb, 0x00, 0x2f, 0x0b, 0xc4, 0x28, 0x3d, 0x93, 0x40, 0xed, 0x81, 
    0xa2, 0x46, 0x0b, 0x9a, 0x32, 0x05, 0xbe, 0xc6, 0x20, 0xaa, 0xde, 0xfe, 
    0x8e, 0x2f, 0x63, 0x95, 0x46, 0xda, 0x44, 0x23, 0xd1, 0x48, 0xf6, 0x27, 
    0xd8, 0xf7, 0x7f, 0x3a, 0x97, 0x53, 0xcf, 0xa6, 0xcd, 0x4e, 0x2d, 0x8f, 
    0x60, 0x99, 0xe2, 0x18, 0x6b, 0x14, 0xaf, 0x1f, 0x92, 0xfe, 0x89, 0x49, 
    0xf3, 0x1d, 0x59, 0x06, 0x02, 0x2c, 0x32, 0xf5, 0xf3, 0xed, 0x53, 0xf0, 
    0x08, 0x5b, 0x2a, 0xf8, 0x10, 0x02, 0x58, 0x0c, 0x1a, 0xaf, 0xe5, 0x2b, 
    0x15, 0xbc, 0x04, 0x17, 0xfb, 0xd8, 0xbe, 0x7f, 0xd0, 0x1f, 0x21, 0x01, 
    0xf4, 0x1d, 0x20, 0xec, 0xfe, 0x0e, 0x19, 0x00, 0x17, 0x53, 0x09, 0x20, 
    0x18, 0x14, 0x3d, 0x16, 0xfc, 0xc8, 0x05, 0xba, 0xf2, 0x81, 0x03, 0x14, 
    0xf0, 0x81, 0xbd, 0x11, 0x36, 0xc3, 0x29, 0xf2, 0x35, 0x0a, 0xff, 0x1c, 
    0x00, 0x81, 0x2e, 0x05, 0xb3, 0x4c, 0xfd, 0x9b, 0x94, 0x5c, 0x30, 0xd3, 
    0x4a, 0xcc, 0x96, 0x33, 0xf8, 0xf8, 0x03, 0xba, 0x08, 0x0e, 0x1e, 0xea, 
    0x37, 0xac, 0x02, 0x1d, 0x07, 0x31, 0xb4, 0x3f, 0x3a, 0x48, 0xac, 0x28, 
    0xf0, 0xca, 0x3a, 0xf5, 0x26, 0xf9, 0xb9, 0x1e, 0x38, 0x7f, 0x07, 0x10, 
    0xc8, 0x11, 0x16, 0x0d, 0x05, 0x64, 0x0a, 0xc6, 0xfe, 0xe5, 0xa7, 0x5f, 
    0xfe, 0x8e, 0xbd, 0x9c, 0xc6, 0x20, 0xc7, 0xfc, 0x32, 0x9b, 0xfc, 0xf1, 
    0xf8, 0xb2, 0x81, 0x00, 0x34, 0x10, 0xb5, 0xd5, 0x18, 0x0b, 0xf7, 0x00, 
    0x57, 0xf6, 0x13, 0x92, 0x27, 0x00, 0x13, 0x08, 0x81, 0x1b, 0x0f, 0x17, 
    0x15, 0x04, 0x0b, 0x14, 0xc1, 0x10, 0xb1, 0xcc, 0xe2, 0xfa, 0x0d, 0x93, 
    0x16, 0xfd, 0xf4, 0x00, 0x00, 0x00, 0xa1, 0xff, 0xb5, 0xf0, 0x07, 0xd9, 
    0x48, 0xfb, 0x94, 0xfc, 0x81, 0xa6, 0x5d, 0x18, 0x29, 0x0a, 0x50, 0xc9, 
    0xab, 0x28, 0xd2, 0xca, 0xde, 0x17, 0x21, 0xd2, 0x21, 0xbf, 0xf6, 0xec, 
    0x54, 0x1d, 0xe6, 0x13, 0xb2, 0xe4, 0x34, 0x28, 0x05, 0x0b, 0x1a, 0xfa, 
    0xef, 0xd8, 0xc7, 0x04, 0x43, 0x81, 0x58, 0x09, 0xc3, 0x2f, 0x12, 0x95, 
    0x8a, 0x61, 0xc9, 0xcf, 0xee, 0xf7, 0xaa, 0x29, 0x35, 0x0c, 0x04, 0xdb, 
    0xce, 0x1d, 0x11, 0x11, 0x60, 0x93, 0xef, 0x81, 0x08, 0xd8, 0xd4, 0x59, 
    0xe4, 0x1c, 0xe9, 0x11, 0x18, 0xd6, 0x0b, 0x2b, 0x01, 0x22, 0x8e, 0x1d, 
    0x06, 0x6c, 0x3a, 0x17, 0xe4, 0xfe, 0xeb, 0x41, 0x23, 0x0c, 0x19, 0xf4, 
    0xea, 0x28, 0xf7, 0xff, 0x90, 0xe7, 0x4d, 0xf2, 0x28, 0x31, 0x63, 0x53, 
    0xf9, 0xe5, 0x81, 0xdf, 0x12, 0x28, 0xd7, 0x92, 0x29, 0xd7, 0xdd, 0x43, 
    0x4e, 0x87, 0x8c, 0x0b, 0x82, 0x22, 0xff, 0x3b, 0xc6, 0xfd, 0xff, 0xff, 
    0x04, 0x00, 0x00, 0x00, 0x40, 0x00, 0x00, 0x00, 0x51, 0xff, 0xff, 0xff, 
    0x0f, 0x07, 0x00, 0x00, 0xe5, 0xfa, 0xff, 0xff, 0x9f, 0x08, 0x00, 0x00, 
    0xb3, 0x07, 0x00, 0x00, 0xeb, 0x0a, 0x00, 0x00, 0x1c, 0x03, 0x00, 0x00, 
    0x90, 0x00, 0x00, 0x00, 0xd1, 0x05, 0x00, 0x00, 0xdf, 0x04, 0x00, 0x00, 
    0x68, 0x07, 0x00, 0x00, 0x1c, 0x07, 0x00, 0x00, 0x44, 0x06, 0x00, 0x00, 
    0x95, 0x07, 0x00, 0x00, 0xd0, 0x03, 0x00, 0x00, 0xe6, 0x0a, 0x00, 0x00, 
    0x12, 0xfe, 0xff, 0xff, 0x04, 0x00, 0x00, 0x00, 0x20, 0x00, 0x00, 0x00, 
    0x46, 0xca, 0xd1, 0x5a, 0x37, 0x50, 0x24, 0x5e, 0x4e, 0xff, 0xd2, 0x7f, 
    0x58, 0x3a, 0xdf, 0x50, 0xd0, 0x00, 0x0a, 0x08, 0xd7, 0xb9, 0xe7, 0x05, 
    0xd0, 0x4f, 0x52, 0x81, 0xee, 0xc1, 0x40, 0xe6, 0x3e, 0xfe, 0xff, 0xff, 
    0x04, 0x00, 0x00, 0x00, 0x08, 0x00, 0x00, 0x00, 0x0f, 0xfe, 0xff, 0xff, 
    0x4a, 0x02, 0x00, 0x00, 0x52, 0xfe, 0xff, 0xff, 0x04, 0x00, 0x00, 0x00, 
    0x08, 0x00, 0x00, 0x00, 0x00, 0x00, 0x00, 0x00, 0x00, 0x00, 0x00, 0x00, 
    0x66, 0xfe, 0xff, 0xff, 0x04, 0x00, 0x00, 0x00, 0x0c, 0x00, 0x00, 0x00, 
    0xff, 0xff, 0xff, 0xff, 0x06, 0x00, 0x00, 0x00, 0x20, 0x00, 0x00, 0x00, 
    0x7e, 0xfe, 0xff, 0xff, 0x04, 0x00, 0x00, 0x00, 0x08, 0x00, 0x00, 0x00, 
    0x02, 0x00, 0x00, 0x00, 0x02, 0x00, 0x00, 0x00, 0x92, 0xfe, 0xff, 0xff, 
    0x04, 0x00, 0x00, 0x00, 0x04, 0x00, 0x00, 0x00, 0x02, 0x00, 0x00, 0x00, 
    0xa2, 0xfe, 0xff, 0xff, 0x04, 0x00, 0x00, 0x00, 0x0c, 0x00, 0x00, 0x00, 
    0xff, 0xff, 0xff, 0xff, 0x0c, 0x00, 0x00, 0x00, 0x20, 0x00, 0x00, 0x00, 
    0xba, 0xfe, 0xff, 0xff, 0x04, 0x00, 0x00, 0x00, 0x0c, 0x00, 0x00, 0x00, 
    0xff, 0xff, 0xff, 0xff, 0x19, 0x00, 0x00, 0x00, 0x20, 0x00, 0x00, 0x00, 
    0xd2, 0xfe, 0xff, 0xff, 0x04, 0x00, 0x00, 0x00, 0x0c, 0x00, 0x00, 0x00, 
    0xff, 0xff, 0xff, 0xff, 0x19, 0x00, 0x00, 0x00, 0x10, 0x00, 0x00, 0x00, 
    0xea, 0xfe, 0xff, 0xff, 0x04, 0x00, 0x00, 0x00, 0x04, 0x00, 0x00, 0x00, 
    0x01, 0x00, 0x00, 0x00, 0xfa, 0xfe, 0xff, 0xff, 0x04, 0x00, 0x00, 0x00, 
    0x0c, 0x00, 0x00, 0x00, 0xff, 0xff, 0xff, 0xff, 0x32, 0x00, 0x00, 0x00, 
    0x10, 0x00, 0x00, 0x00, 0x12, 0xff, 0xff, 0xff, 0x04, 0x00, 0x00, 0x00, 
    0x04, 0x00, 0x00, 0x00, 0xfd, 0xff, 0xff, 0xff, 0x34, 0xd1, 0xff, 0xff, 
    0x38, 0xd1, 0xff, 0xff, 0x0f, 0x00, 0x00, 0x00, 0x4d, 0x4c, 0x49, 0x52, 
    0x20, 0x43, 0x6f, 0x6e, 0x76, 0x65, 0x72, 0x74, 0x65, 0x64, 0x2e, 0x00, 
    0x01, 0x00, 0x00, 0x00, 0x14, 0x00, 0x00, 0x00, 0x00, 0x00, 0x0e, 0x00, 
    0x18, 0x00, 0x14, 0x00, 0x10, 0x00, 0x0c, 0x00, 0x08, 0x00, 0x04, 0x00, 
    0x0e, 0x00, 0x00, 0x00, 0x14, 0x00, 0x00, 0x00, 0x1c, 0x00, 0x00, 0x00, 
    0xd8, 0x05, 0x00, 0x00, 0xdc, 0x05, 0x00, 0x00, 0xe0, 0x05, 0x00, 0x00, 
    0x04, 0x00, 0x00, 0x00, 0x6d, 0x61, 0x69, 0x6e, 0x00, 0x00, 0x00, 0x00, 
    0x1a, 0x00, 0x00, 0x00, 0x90, 0x05, 0x00, 0x00, 0x30, 0x05, 0x00, 0x00, 
    0xec, 0x04, 0x00, 0x00, 0xb8, 0x04, 0x00, 0x00, 0x90, 0x04, 0x00, 0x00, 
    0x54, 0x04, 0x00, 0x00, 0x00, 0x04, 0x00, 0x00, 0xc8, 0x03, 0x00, 0x00, 
    0x98, 0x03, 0x00, 0x00, 0x54, 0x03, 0x00, 0x00, 0x20, 0x03, 0x00, 0x00, 
    0xec, 0x02, 0x00, 0x00, 0xc4, 0x02, 0x00, 0x00, 0x94, 0x02, 0x00, 0x00, 
    0x50, 0x02, 0x00, 0x00, 0x28, 0x02, 0x00, 0x00, 0xfc, 0x01, 0x00, 0x00, 
    0xcc, 0x01, 0x00, 0x00, 0x7c, 0x01, 0x00, 0x00, 0x54, 0x01, 0x00, 0x00, 
    0x28, 0x01, 0x00, 0x00, 0xe8, 0x00, 0x00, 0x00, 0xb4, 0x00, 0x00, 0x00, 
    0x78, 0x00, 0x00, 0x00, 0x40, 0x00, 0x00, 0x00, 0x04, 0x00, 0x00, 0x00, 
    0x5e, 0xfc, 0xff, 0xff, 0x1c, 0x00, 0x00, 0x00, 0x00, 0x00, 0x00, 0x09, 
    0x1c, 0x00, 0x00, 0x00, 0x20, 0x00, 0x00, 0x00, 0x0a, 0x00, 0x00, 0x00, 
    0x00, 0x00, 0x06, 0x00, 0x08, 0x00, 0x04, 0x00, 0x06, 0x00, 0x00, 0x00, 
    0x00, 0x00, 0x80, 0x3f, 0x01, 0x00, 0x00, 0x00, 0x33, 0x00, 0x00, 0x00, 
    0x01, 0x00, 0x00, 0x00, 0x32, 0x00, 0x00, 0x00, 0x7a, 0xfb, 0xff, 0xff, 
    0x14, 0x00, 0x00, 0x00, 0x00, 0x00, 0x00, 0x08, 0x10, 0x00, 0x00, 0x00, 
    0x14, 0x00, 0x00, 0x00, 0x09, 0x00, 0x00, 0x00, 0x48, 0xd2, 0xff, 0xff, 
    0x01, 0x00, 0x00, 0x00, 0x32, 0x00, 0x00, 0x00, 0x03, 0x00, 0x00, 0x00, 
    0x31, 0x00, 0x00, 0x00, 0x0c, 0x00, 0x00, 0x00, 0x0b, 0x00, 0x00, 0x00, 
    0xae, 0xfb, 0xff, 0xff, 0x14, 0x00, 0x00, 0x00, 0x00, 0x00, 0x00, 0x08, 
    0x14, 0x00, 0x00, 0x00, 0x18, 0x00, 0x00, 0x00, 0x09, 0x00, 0x00, 0x00, 
    0x96, 0xff, 0xff, 0xff, 0x00, 0x00, 0x00, 0x01, 0x01, 0x00, 0x00, 0x00, 
    0x31, 0x00, 0x00, 0x00, 0x03, 0x00, 0x00, 0x00, 0x30, 0x00, 0x00, 0x00, 
    0x0e, 0x00, 0x00, 0x00, 0x0d, 0x00, 0x00, 0x00, 0xe6, 0xfb, 0xff, 0xff, 
    0x14, 0x00, 0x00, 0x00, 0x00, 0x00, 0x00, 0x1b, 0x10, 0x00, 0x00, 0x00, 
    0x14, 0x00, 0x00, 0x00, 0x08, 0x00, 0x00, 0x00, 0xb4, 0xd2, 0xff, 0xff, 
    0x01, 0x00, 0x00, 0x00, 0x30, 0x00, 0x00, 0x00, 0x02, 0x00, 0x00, 0x00, 
    0x2f, 0x00, 0x00, 0x00, 0x03, 0x00, 0x00, 0x00, 0x32, 0xfd, 0xff, 0xff, 
    0x1c, 0x00, 0x00, 0x00, 0x00, 0x00, 0x00, 0x0b, 0x1c, 0x00, 0x00, 0x00, 
    0x20, 0x00, 0x00, 0x00, 0x03, 0x00, 0x00, 0x00, 0x00, 0x00, 0x06, 0x00, 
    0x08, 0x00, 0x07, 0x00, 0x06, 0x00, 0x00, 0x00, 0x00, 0x00, 0x00, 0x01, 
    0x01, 0x00, 0x00, 0x00, 0x2f, 0x00, 0x00, 0x00, 0x02, 0x00, 0x00, 0x00, 
    0x2e, 0x00, 0x00, 0x00, 0x0f, 0x00, 0x00, 0x00, 0xe2, 0xfc, 0xff, 0xff, 
    0x0c, 0x00, 0x00, 0x00, 0x10, 0x00, 0x00, 0x00, 0x07, 0x00, 0x00, 0x00, 
    0x01, 0x00, 0x00, 0x00, 0x2e, 0x00, 0x00, 0x00, 0x03, 0x00, 0x00, 0x00, 
    0x2d, 0x00, 0x00, 0x00, 0x07, 0x00, 0x00, 0x00, 0x0a, 0x00, 0x00, 0x00, 
    0x0a, 0xfd, 0xff, 0xff, 0x0c, 0x00, 0x00, 0x00, 0x10, 0x00, 0x00, 0x00, 
    0x04, 0x00, 0x00, 0x00, 0x01, 0x00, 0x00, 0x00, 0x2d, 0x00, 0x00, 0x00, 
    0x02, 0x00, 0x00, 0x00, 0x2c, 0x00, 0x00, 0x00, 0x09, 0x00, 0x00, 0x00, 
    0xba, 0xfd, 0xff, 0xff, 0x20, 0x00, 0x00, 0x00, 0x00, 0x00, 0x00, 0x01, 
    0x28, 0x00, 0x00, 0x00, 0x2c, 0x00, 0x00, 0x00, 0x01, 0x00, 0x00, 0x00, 
    0x00, 0x00, 0x0a, 0x00, 0x10, 0x00, 0x0f, 0x00, 0x08, 0x00, 0x04, 0x00, 
    0x0a, 0x00, 0x00, 0x00, 0x01, 0x00, 0x00, 0x00, 0x01, 0x00, 0x00, 0x00, 
    0x00, 0x00, 0x00, 0x01, 0x01, 0x00, 0x00, 0x00, 0x2c, 0x00, 0x00, 0x00, 
    0x03, 0x00, 0x00, 0x00, 0x2b, 0x00, 0x00, 0x00, 0x11, 0x00, 0x00, 0x00, 
    0x10, 0x00, 0x00, 0x00, 0x8e, 0xfc, 0xff, 0xff, 0x10, 0x00, 0x00, 0x00, 
    0x00, 0x00, 0x00, 0x34, 0x0c, 0x00, 0x00, 0x00, 0x10, 0x00, 0x00, 0x00, 
    0xb4, 0xd3, 0xff, 0xff, 0x01, 0x00, 0x00, 0x00, 0x2b, 0x00, 0x00, 0x00, 
    0x02, 0x00, 0x00, 0x00, 0x2a, 0x00, 0x00, 0x00, 0x01, 0x00, 0x00, 0x00, 
    0xa6, 0xfd, 0xff, 0xff, 0x0c, 0x00, 0x00, 0x00, 0x10, 0x00, 0x00, 0x00, 
    0x06, 0x00, 0x00, 0x00, 0x01, 0x00, 0x00, 0x00, 0x2a, 0x00, 0x00, 0x00, 
    0x03, 0x00, 0x00, 0x00, 0x29, 0x00, 0x00, 0x00, 0x07, 0x00, 0x00, 0x00, 
    0x08, 0x00, 0x00, 0x00, 0xce, 0xfd, 0xff, 0xff, 0x0c, 0x00, 0x00, 0x00, 
    0x10, 0x00, 0x00, 0x00, 0x04, 0x00, 0x00, 0x00, 0x01, 0x00, 0x00, 0x00, 
    0x29, 0x00, 0x00, 0x00, 0x02, 0x00, 0x00, 0x00, 0x28, 0x00, 0x00, 0x00, 
    0x06, 0x00, 0x00, 0x00, 0x62, 0xfd, 0xff, 0xff, 0x14, 0x00, 0x00, 0x00, 
    0x00, 0x00, 0x00, 0x05, 0x24, 0x00, 0x00, 0x00, 0x28, 0x00, 0x00, 0x00, 
    0x05, 0x00, 0x00, 0x00, 0x6e, 0xfe, 0xff, 0xff, 0x01, 0x00, 0x00, 0x00, 
    0x02, 0x00, 0x00, 0x00, 0x01, 0x00, 0x00, 0x00, 0x02, 0x00, 0x00, 0x00, 
    0x00, 0x00, 0x00, 0x01, 0x01, 0x00, 0x00, 0x00, 0x28, 0x00, 0x00, 0x00, 
    0x01, 0x00, 0x00, 0x00, 0x27, 0x00, 0x00, 0x00, 0x46, 0xfd, 0xff, 0xff, 
    0x10, 0x00, 0x00, 0x00, 0x00, 0x00, 0x00, 0x34, 0x0c, 0x00, 0x00, 0x00, 
    0x10, 0x00, 0x00, 0x00, 0x6c, 0xd4, 0xff, 0xff, 0x01, 0x00, 0x00, 0x00, 
    0x27, 0x00, 0x00, 0x00, 0x02, 0x00, 0x00, 0x00, 0x26, 0x00, 0x00, 0x00, 
    0x03, 0x00, 0x00, 0x00, 0x5e, 0xfe, 0xff, 0xff, 0x0c, 0x00, 0x00, 0x00, 
    0x10, 0x00, 0x00, 0x00, 0x04, 0x00, 0x00, 0x00, 0x01, 0x00, 0x00, 0x00, 
    0x26, 0x00, 0x00, 0x00, 0x02, 0x00, 0x00, 0x00, 0x25, 0x00, 0x00, 0x00, 
    0x05, 0x00, 0x00, 0x00, 0xf2, 0xfd, 0xff, 0xff, 0x14, 0x00, 0x00, 0x00, 
    0x00, 0x00, 0x00, 0x0b, 0x10, 0x00, 0x00, 0x00, 0x14, 0x00, 0x00, 0x00, 
    0x03, 0x00, 0x00, 0x00, 0xc0, 0xd4, 0xff, 0xff, 0x01, 0x00, 0x00, 0x00, 
    0x25, 0x00, 0x00, 0x00, 0x02, 0x00, 0x00, 0x00, 0x24, 0x00, 0x00, 0x00, 
    0x12, 0x00, 0x00, 0x00, 0x22, 0xfe, 0xff, 0xff, 0x14, 0x00, 0x00, 0x00, 
    0x00, 0x00, 0x00, 0x15, 0x10, 0x00, 0x00, 0x00, 0x14, 0x00, 0x00, 0x00, 
    0x02, 0x00, 0x00, 0x00, 0xf0, 0xd4, 0xff, 0xff, 0x01, 0x00, 0x00, 0x00, 
    0x24, 0x00, 0x00, 0x00, 0x02, 0x00, 0x00, 0x00, 0x23, 0x00, 0x00, 0x00, 
    0x13, 0x00, 0x00, 0x00, 0x52, 0xfe, 0xff, 0xff, 0x14, 0x00, 0x00, 0x00, 
    0x00, 0x00, 0x00, 0x01, 0x1c, 0x00, 0x00, 0x00, 0x20, 0x00, 0x00, 0x00, 
    0x01, 0x00, 0x00, 0x00, 0x44, 0xfe, 0xff, 0xff, 0x00, 0x00, 0x00, 0x01, 
    0x01, 0x00, 0x00, 0x00, 0x01, 0x00, 0x00, 0x00, 0x01, 0x00, 0x00, 0x00, 
    0x23, 0x00, 0x00, 0x00, 0x03, 0x00, 0x00, 0x00, 0x22, 0x00, 0x00, 0x00, 
    0x15, 0x00, 0x00, 0x00, 0x14, 0x00, 0x00, 0x00, 0x36, 0xfe, 0xff, 0xff, 
    0x10, 0x00, 0x00, 0x00, 0x00, 0x00, 0x00, 0x34, 0x0c, 0x00, 0x00, 0x00, 
    0x10, 0x00, 0x00, 0x00, 0x5c, 0xd5, 0xff, 0xff, 0x01, 0x00, 0x00, 0x00, 
    0x22, 0x00, 0x00, 0x00, 0x02, 0x00, 0x00, 0x00, 0x21, 0x00, 0x00, 0x00, 
    0x01, 0x00, 0x00, 0x00, 0x4e, 0xff, 0xff, 0xff, 0x0c, 0x00, 0x00, 0x00, 
    0x10, 0x00, 0x00, 0x00, 0x04, 0x00, 0x00, 0x00, 0x01, 0x00, 0x00, 0x00, 
    0x21, 0x00, 0x00, 0x00, 0x02, 0x00, 0x00, 0x00, 0x20, 0x00, 0x00, 0x00, 
    0x04, 0x00, 0x00, 0x00, 0x00, 0x00, 0x0e, 0x00, 0x1a, 0x00, 0x14, 0x00, 
    0x10, 0x00, 0x0c, 0x00, 0x0b, 0x00, 0x04, 0x00, 0x0e, 0x00, 0x00, 0x00, 
    0x24, 0x00, 0x00, 0x00, 0x00, 0x00, 0x00, 0x05, 0x34, 0x00, 0x00, 0x00, 
    0x38, 0x00, 0x00, 0x00, 0x05, 0x00, 0x00, 0x00, 0x00, 0x00, 0x0e, 0x00, 
    0x18, 0x00, 0x17, 0x00, 0x10, 0x00, 0x0c, 0x00, 0x08, 0x00, 0x04, 0x00, 
    0x0e, 0x00, 0x00, 0x00, 0x01, 0x00, 0x00, 0x00, 0x02, 0x00, 0x00, 0x00, 
    0x01, 0x00, 0x00, 0x00, 0x02, 0x00, 0x00, 0x00, 0x00, 0x00, 0x00, 0x01, 
    0x01, 0x00, 0x00, 0x00, 0x20, 0x00, 0x00, 0x00, 0x01, 0x00, 0x00, 0x00, 
    0x1f, 0x00, 0x00, 0x00, 0xe6, 0xfe, 0xff, 0xff, 0x10, 0x00, 0x00, 0x00, 
    0x00, 0x00, 0x00, 0x34, 0x0c, 0x00, 0x00, 0x00, 0x10, 0x00, 0x00, 0x00, 
    0x0c, 0xd6, 0xff, 0xff, 0x01, 0x00, 0x00, 0x00, 0x1f, 0x00, 0x00, 0x00, 
    0x02, 0x00, 0x00, 0x00, 0x1e, 0x00, 0x00, 0x00, 0x03, 0x00, 0x00, 0x00, 
    0x00, 0x00, 0x0a, 0x00, 0x10, 0x00, 0x0c, 0x00, 0x08, 0x00, 0x04, 0x00, 
    0x0a, 0x00, 0x00, 0x00, 0x0c, 0x00, 0x00, 0x00, 0x10, 0x00, 0x00, 0x00, 
    0x04, 0x00, 0x00, 0x00, 0x01, 0x00, 0x00, 0x00, 0x1e, 0x00, 0x00, 0x00, 
    0x02, 0x00, 0x00, 0x00, 0x1d, 0x00, 0x00, 0x00, 0x02, 0x00, 0x00, 0x00, 
    0x9e, 0xff, 0xff, 0xff, 0x14, 0x00, 0x00, 0x00, 0x00, 0x00, 0x00, 0x0b, 
    0x10, 0x00, 0x00, 0x00, 0x14, 0x00, 0x00, 0x00, 0x03, 0x00, 0x00, 0x00, 
    0x6c, 0xd6, 0xff, 0xff, 0x01, 0x00, 0x00, 0x00, 0x1d, 0x00, 0x00, 0x00, 
    0x02, 0x00, 0x00, 0x00, 0x1c, 0x00, 0x00, 0x00, 0x16, 0x00, 0x00, 0x00, 
    0xce, 0xff, 0xff, 0xff, 0x14, 0x00, 0x00, 0x00, 0x00, 0x00, 0x00, 0x15, 
    0x10, 0x00, 0x00, 0x00, 0x14, 0x00, 0x00, 0x00, 0x02, 0x00, 0x00, 0x00, 
    0x9c, 0xd6, 0xff, 0xff, 0x01, 0x00, 0x00, 0x00, 0x1c, 0x00, 0x00, 0x00, 
    0x02, 0x00, 0x00, 0x00, 0x1b, 0x00, 0x00, 0x00, 0x17, 0x00, 0x00, 0x00, 
    0x00, 0x00, 0x0e, 0x00, 0x18, 0x00, 0x14, 0x00, 0x10, 0x00, 0x0c, 0x00, 
    0x0b, 0x00, 0x04, 0x00, 0x0e, 0x00, 0x00, 0x00, 0x20, 0x00, 0x00, 0x00, 
    0x00, 0x00, 0x00, 0x01, 0x28, 0x00, 0x00, 0x00, 0x2c, 0x00, 0x00, 0x00, 
    0x01, 0x00, 0x00, 0x00, 0x0c, 0x00, 0x10, 0x00, 0x00, 0x00, 0x0c, 0x00, 
    0x08, 0x00, 0x07, 0x00, 0x0c, 0x00, 0x00, 0x00, 0x00, 0x00, 0x00, 0x01, 
    0x01, 0x00, 0x00, 0x00, 0x01, 0x00, 0x00, 0x00, 0x01, 0x00, 0x00, 0x00, 
    0x1b, 0x00, 0x00, 0x00, 0x03, 0x00, 0x00, 0x00, 0x1a, 0x00, 0x00, 0x00, 
    0x19, 0x00, 0x00, 0x00, 0x18, 0x00, 0x00, 0x00, 0x00, 0x00, 0x0e, 0x00, 
    0x14, 0x00, 0x00, 0x00, 0x10, 0x00, 0x0c, 0x00, 0x0b, 0x00, 0x04, 0x00, 
    0x0e, 0x00, 0x00, 0x00, 0x10, 0x00, 0x00, 0x00, 0x00, 0x00, 0x00, 0x34, 
    0x0c, 0x00, 0x00, 0x00, 0x10, 0x00, 0x00, 0x00, 0x34, 0xd7, 0xff, 0xff, 
    0x01, 0x00, 0x00, 0x00, 0x1a, 0x00, 0x00, 0x00, 0x02, 0x00, 0x00, 0x00, 
    0x00, 0x00, 0x00, 0x00, 0x01, 0x00, 0x00, 0x00, 0x01, 0x00, 0x00, 0x00, 
    0x33, 0x00, 0x00, 0x00, 0x01, 0x00, 0x00, 0x00, 0x00, 0x00, 0x00, 0x00, 
    0x34, 0x00, 0x00, 0x00, 0xd8, 0x28, 0x00, 0x00, 0x80, 0x28, 0x00, 0x00, 
    0x10, 0x28, 0x00, 0x00, 0xd4, 0x27, 0x00, 0x00, 0x78, 0x27, 0x00, 0x00, 
    0x20, 0x27, 0x00, 0x00, 0xc0, 0x26, 0x00, 0x00, 0x80, 0x26, 0x00, 0x00, 
    0x14, 0x26, 0x00, 0x00, 0xbc, 0x25, 0x00, 0x00, 0x50, 0x25, 0x00, 0x00, 
    0xcc, 0x24, 0x00, 0x00, 0x50, 0x24, 0x00, 0x00, 0x24, 0x23, 0x00, 0x00, 
    0x08, 0x22, 0x00, 0x00, 0x9c, 0x21, 0x00, 0x00, 0xc8, 0x1f, 0x00, 0x00, 
    0xdc, 0x1d, 0x00, 0x00, 0x60, 0x1d, 0x00, 0x00, 0xe4, 0x1c, 0x00, 0x00, 
    0x88, 0x1a, 0x00, 0x00, 0x9c, 0x18, 0x00, 0x00, 0x20, 0x18, 0x00, 0x00, 
    0xa4, 0x17, 0x00, 0x00, 0x10, 0x16, 0x00, 0x00, 0xe4, 0x14, 0x00, 0x00, 
    0x48, 0x14, 0x00, 0x00, 0x44, 0x13, 0x00, 0x00, 0x30, 0x12, 0x00, 0x00, 
    0xc4, 0x10, 0x00, 0x00, 0x5c, 0x0f, 0x00, 0x00, 0xbc, 0x0e, 0x00, 0x00, 
    0x28, 0x0e, 0x00, 0x00, 0x90, 0x0d, 0x00, 0x00, 0xf0, 0x0c, 0x00, 0x00, 
    0xe4, 0x0b, 0x00, 0x00, 0xc8, 0x0a, 0x00, 0x00, 0x4c, 0x09, 0x00, 0x00, 
    0xd4, 0x07, 0x00, 0x00, 0x34, 0x07, 0x00, 0x00, 0x98, 0x06, 0x00, 0x00, 
    0x00, 0x06, 0x00, 0x00, 0x64, 0x05, 0x00, 0x00, 0xc4, 0x04, 0x00, 0x00, 
    0x30, 0x04, 0x00, 0x00, 0x98, 0x03, 0x00, 0x00, 0xfc, 0x02, 0x00, 0x00, 
    0x58, 0x02, 0x00, 0x00, 0xc8, 0x01, 0x00, 0x00, 0x1c, 0x01, 0x00, 0x00, 
    0x80, 0x00, 0x00, 0x00, 0x04, 0x00, 0x00, 0x00, 0x0e, 0xd8, 0xff, 0xff, 
    0x00, 0x00, 0x00, 0x01, 0x18, 0x00, 0x00, 0x00, 0x20, 0x00, 0x00, 0x00, 
    0x3c, 0x00, 0x00, 0x00, 0x34, 0x00, 0x00, 0x00, 0x00, 0x00, 0x00, 0x09, 
    0x50, 0x00, 0x00, 0x00, 0x02, 0x00, 0x00, 0x00, 0xff, 0xff, 0xff, 0xff, 
    0x02, 0x00, 0x00, 0x00, 0xf4, 0xd7, 0xff, 0xff, 0x08, 0x00, 0x00, 0x00, 
    0x10, 0x00, 0x00, 0x00, 0x01, 0x00, 0x00, 0x00, 0x80, 0xff, 0xff, 0xff, 
    0xff, 0xff, 0xff, 0xff, 0x01, 0x00, 0x00, 0x00, 0x00, 0x00, 0x80, 0x3b, 
    0x1b, 0x00, 0x00, 0x00, 0x53, 0x74, 0x61, 0x74, 0x65, 0x66, 0x75, 0x6c, 
    0x50, 0x61, 0x72, 0x74, 0x69, 0x74, 0x69, 0x6f, 0x6e, 0x65, 0x64, 0x43, 
    0x61, 0x6c, 0x6c, 0x5f, 0x31, 0x3a, 0x30, 0x00, 0x02, 0x00, 0x00, 0x00, 
    0x01, 0x00, 0x00, 0x00, 0x02, 0x00, 0x00, 0x00, 0x86, 0xd8, 0xff, 0xff, 
    0x00, 0x00, 0x00, 0x01, 0x18, 0x00, 0x00, 0x00, 0x20, 0x00, 0x00, 0x00, 
    0x40, 0x00, 0x00, 0x00, 0x33, 0x00, 0x00, 0x00, 0x00, 0x00, 0x00, 0x09, 
    0x70, 0x00, 0x00, 0x00, 0x02, 0x00, 0x00, 0x00, 0xff, 0xff, 0xff, 0xff, 
    0x02, 0x00, 0x00, 0x00, 0x6c, 0xd8, 0xff, 0xff, 0x08, 0x00, 0x00, 0x00, 
    0x14, 0x00, 0x00, 0x00, 0x01, 0x00, 0x00, 0x00, 0xcc, 0xff, 0xff, 0xff, 
    0xff, 0xff, 0xff, 0xff, 0x00, 0x00, 0x00, 0x00, 0x01, 0x00, 0x00, 0x00, 
    0x82, 0x8b, 0xad, 0x3d, 0x34, 0x00, 0x00, 0x00, 0x73, 0x65, 0x71, 0x75, 
    0x65, 0x6e, 0x74, 0x69, 0x61, 0x6c, 0x2f, 0x64, 0x65, 0x6e, 0x73, 0x65, 
    0x5f, 0x31, 0x2f, 0x4d, 0x61, 0x74, 0x4d, 0x75, 0x6c, 0x3b, 0x73, 0x65, 
    0x71, 0x75, 0x65, 0x6e, 0x74, 0x69, 0x61, 0x6c, 0x2f, 0x64, 0x65, 0x6e, 
    0x73, 0x65, 0x5f, 0x31, 0x2f, 0x42, 0x69, 0x61, 0x73, 0x41, 0x64, 0x64, 
    0x00, 0x00, 0x00, 0x00, 0x02, 0x00, 0x00, 0x00, 0x01, 0x00, 0x00, 0x00, 
    0x02, 0x00, 0x00, 0x00, 0x1e, 0xd9, 0xff, 0xff, 0x00, 0x00, 0x00, 0x01, 
    0x18, 0x00, 0x00, 0x00, 0x20, 0x00, 0x00, 0x00, 0x40, 0x00, 0x00, 0x00, 
    0x32, 0x00, 0x00, 0x00, 0x00, 0x00, 0x00, 0x09, 0x80, 0x00, 0x00, 0x00, 
    0x02, 0x00, 0x00, 0x00, 0xff, 0xff, 0xff, 0xff, 0x10, 0x00, 0x00, 0x00, 
    0x04, 0xd9, 0xff, 0xff, 0x08, 0x00, 0x00, 0x00, 0x14, 0x00, 0x00, 0x00, 
    0x01, 0x00, 0x00, 0x00, 0x80, 0xff, 0xff, 0xff, 0xff, 0xff, 0xff, 0xff, 
    0x00, 0x00, 0x00, 0x00, 0x01, 0x00, 0x00, 0x00, 0xb9, 0x30, 0x16, 0x3d, 
    0x46, 0x00, 0x00, 0x00, 0x73, 0x65, 0x71, 0x75, 0x65, 0x6e, 0x74, 0x69, 
    0x61, 0x6c, 0x2f, 0x64, 0x65, 0x6e, 0x73, 0x65, 0x2f, 0x4d, 0x61, 0x74, 
    0x4d, 0x75, 0x6c, 0x3b, 0x73, 0x65, 0x71, 0x75, 0x65, 0x6e, 0x74, 0x69, 
    0x61, 0x6c, 0x2f, 0x64, 0x65, 0x6e, 0x73, 0x65, 0x2f, 0x52, 0x65, 0x6c, 
    0x75, 0x3b, 0x73, 0x65, 0x71, 0x75, 0x65, 0x6e, 0x74, 0x69, 0x61, 0x6c, 
    0x2f, 0x64, 0x65, 0x6e, 0x73, 0x65, 0x2f, 0x42, 0x69, 0x61, 0x73, 0x41, 
    0x64, 0x64, 0x00, 0x00, 0x02, 0x00, 0x00, 0x00, 0x01, 0x00, 0x00, 0x00, 
    0x10, 0x00, 0x00, 0x00, 0xc6, 0xd9, 0xff, 0xff, 0x00, 0x00, 0x00, 0x01, 
    0x18, 0x00, 0x00, 0x00, 0x20, 0x00, 0x00, 0x00, 0x40, 0x00, 0x00, 0x00, 
    0x31, 0x00, 0x00, 0x00, 0x00, 0x00, 0x00, 0x09, 0x64, 0x00, 0x00, 0x00, 
    0x02, 0x00, 0x00, 0x00, 0xff, 0xff, 0xff, 0xff, 0x20, 0x00, 0x00, 0x00, 
    0xac, 0xd9, 0xff, 0xff, 0x08, 0x00, 0x00, 0x00, 0x14, 0x00, 0x00, 0x00, 
    0x01, 0x00, 0x00, 0x00, 0x80, 0xff, 0xff, 0xff, 0xff, 0xff, 0xff, 0xff, 
    0x00, 0x00, 0x00, 0x00, 0x01, 0x00, 0x00, 0x00, 0x44, 0x65, 0xc7, 0x3c, 
    0x28, 0x00, 0x00, 0x00, 0x73, 0x65, 0x71, 0x75, 0x65, 0x6e, 0x74, 0x69, 
    0x61, 0x6c, 0x2f, 0x67, 0x6c, 0x6f, 0x62, 0x61, 0x6c, 0x5f, 0x61, 0x76, 
    0x65, 0x72, 0x61, 0x67, 0x65, 0x5f, 0x70, 0x6f, 0x6f, 0x6c, 0x69, 0x6e, 
    0x67, 0x31, 0x64, 0x2f, 0x4d, 0x65, 0x61, 0x6e, 0x00, 0x00, 0x00, 0x00, 
    0x02, 0x00, 0x00, 0x00, 0x01, 0x00, 0x00, 0x00, 0x20, 0x00, 0x00, 0x00, 
    0x52, 0xda, 0xff, 0xff, 0x00, 0x00, 0x00, 0x01, 0x18, 0x00, 0x00, 0x00, 
    0x24, 0x00, 0x00, 0x00, 0x44, 0x00, 0x00, 0x00, 0x30, 0x00, 0x00, 0x00, 
    0x00, 0x00, 0x00, 0x09, 0x74, 0x00, 0x00, 0x00, 0x03, 0x00, 0x00, 0x00, 
    0xff, 0xff, 0xff, 0xff, 0x0c, 0x00, 0x00, 0x00, 0x20, 0x00, 0x00, 0x00, 
    0x3c, 0xda, 0xff, 0xff, 0x08, 0x00, 0x00, 0x00, 0x14, 0x00, 0x00, 0x00, 
    0x01, 0x00, 0x00, 0x00, 0x80, 0xff, 0xff, 0xff, 0xff, 0xff, 0xff, 0xff, 
    0x00, 0x00, 0x00, 0x00, 0x01, 0x00, 0x00, 0x00, 0x3c, 0x88, 0x14, 0x3e, 
    0x34, 0x00, 0x00, 0x00, 0x73, 0x65, 0x71, 0x75, 0x65, 0x6e, 0x74, 0x69, 
    0x61, 0x6c, 0x2f, 0x63, 0x6f, 0x6e, 0x76, 0x31, 0x64, 0x5f, 0x32, 0x2f, 
    0x52, 0x65, 0x6c, 0x75, 0x3b, 0x73, 0x65, 0x71, 0x75, 0x65, 0x6e, 0x74, 
    0x69, 0x61, 0x6c, 0x2f, 0x63, 0x6f, 0x6e, 0x76, 0x31, 0x64, 0x5f, 0x32, 
    0x2f, 0x42, 0x69, 0x61, 0x73, 0x41, 0x64, 0x64, 0x00, 0x00, 0x00, 0x00, 
    0x03, 0x00, 0x00, 0x00, 0x01, 0x00, 0x00, 0x00, 0x0c, 0x00, 0x00, 0x00, 
    0x20, 0x00, 0x00, 0x00, 0xf2, 0xda, 0xff, 0xff, 0x00, 0x00, 0x00, 0x01, 
    0x18, 0x00, 0x00, 0x00, 0x24, 0x00, 0x00, 0x00, 0x44, 0x00, 0x00, 0x00, 
    0x2f, 0x00, 0x00, 0x00, 0x00, 0x00, 0x00, 0x09, 0x6c, 0x00, 0x00, 0x00, 
    0x03, 0x00, 0x00, 0x00, 0xff, 0xff, 0xff, 0xff, 0x0c, 0x00, 0x00, 0x00, 
    0x20, 0x00, 0x00, 0x00, 0xdc, 0xda, 0xff, 0xff, 0x08, 0x00, 0x00, 0x00, 
    0x14, 0x00, 0x00, 0x00, 0x01, 0x00, 0x00, 0x00, 0x22, 0x00, 0x00, 0x00, 
    0x00, 0x00, 0x00, 0x00, 0x00, 0x00, 0x00, 0x00, 0x01, 0x00, 0x00, 0x00, 
    0xdf, 0x19, 0xcf, 0x3e, 0x2e, 0x00, 0x00, 0x00, 0x73, 0x65, 0x71, 0x75, 
    0x65, 0x6e, 0x74, 0x69, 0x61, 0x6c, 0x2f, 0x63, 0x6f, 0x6e, 0x76, 0x31, 
    0x64, 0x5f, 0x32, 0x2f, 0x63, 0x6f, 0x6e, 0x76, 0x6f, 0x6c, 0x75, 0x74, 
    0x69, 0x6f, 0x6e, 0x2f, 0x42, 0x61, 0x74, 0x63, 0x68, 0x54, 0x6f, 0x53, 
    0x70, 0x61, 0x63, 0x65, 0x4e, 0x44, 0x00, 0x00, 0x03, 0x00, 0x00, 0x00, 
    0x01, 0x00, 0x00, 0x00, 0x0c, 0x00, 0x00, 0x00, 0x20, 0x00, 0x00, 0x00, 
    0x8a, 0xdb, 0xff, 0xff, 0x00, 0x00, 0x00, 0x01, 0x18, 0x00, 0x00, 0x00, 
    0x24, 0x00, 0x00, 0x00, 0x44, 0x00, 0x00, 0x00, 0x2e, 0x00, 0x00, 0x00, 
    0x00, 0x00, 0x00, 0x09, 0x68, 0x00, 0x00, 0x00, 0x03, 0x00, 0x00, 0x00, 
    0xff, 0xff, 0xff, 0xff, 0x06, 0x00, 0x00, 0x00, 0x20, 0x00, 0x00, 0x00, 
    0x74, 0xdb, 0xff, 0xff, 0x08, 0x00, 0x00, 0x00, 0x14, 0x00, 0x00, 0x00, 
    0x01, 0x00, 0x00, 0x00, 0x22, 0x00, 0x00, 0x00, 0x00, 0x00, 0x00, 0x00, 
    0x00, 0x00, 0x00, 0x00, 0x01, 0x00, 0x00, 0x00, 0xdf, 0x19, 0xcf, 0x3e, 
    0x28, 0x00, 0x00, 0x00, 0x73, 0x65, 0x71, 0x75, 0x65, 0x6e, 0x74, 0x69, 
    0x61, 0x6c, 0x2f, 0x63, 0x6f, 0x6e, 0x76, 0x31, 0x64, 0x5f, 0x32, 0x2f, 
    0x63, 0x6f, 0x6e, 0x76, 0x6f, 0x6c, 0x75, 0x74, 0x69, 0x6f, 0x6e, 0x2f, 
    0x53, 0x71, 0x75, 0x65, 0x65, 0x7a, 0x65, 0x31, 0x00, 0x00, 0x00, 0x00, 
    0x03, 0x00, 0x00, 0x00, 0x01, 0x00, 0x00, 0x00, 0x06, 0x00, 0x00, 0x00, 
    0x20, 0x00, 0x00, 0x00, 0x1e, 0xdc, 0xff, 0xff, 0x00, 0x00, 0x00, 0x01, 
    0x18, 0x00, 0x00, 0x00, 0x28, 0x00, 0x00, 0x00, 0x44, 0x00, 0x00, 0x00, 
    0x2d, 0x00, 0x00, 0x00, 0x00, 0x00, 0x00, 0x09, 0x60, 0x00, 0x00, 0x00, 
    0x04, 0x00, 0x00, 0x00, 0xff, 0xff, 0xff, 0xff, 0x01, 0x00, 0x00, 0x00, 
    0x06, 0x00, 0x00, 0x00, 0x20, 0x00, 0x00, 0x00, 0x0c, 0xdc, 0xff, 0xff, 
    0x08, 0x00, 0x00, 0x00, 0x10, 0x00, 0x00, 0x00, 0x01, 0x00, 0x00, 0x00, 
    0x22, 0x00, 0x00, 0x00, 0x00, 0x00, 0x00, 0x00, 0x01, 0x00, 0x00, 0x00, 
    0xdf, 0x19, 0xcf, 0x3e, 0x20, 0x00, 0x00, 0x00, 0x73, 0x65, 0x71, 0x75, 
    0x65, 0x6e, 0x74, 0x69, 0x61, 0x6c, 0x2f, 0x63, 0x6f, 0x6e, 0x76, 0x31, 
    0x64, 0x5f, 0x32, 0x2f, 0x63, 0x6f, 0x6e, 0x76, 0x6f, 0x6c, 0x75, 0x74, 
    0x69, 0x6f, 0x6e, 0x31, 0x00, 0x00, 0x00, 0x00, 0x04, 0x00, 0x00, 0x00, 
    0x01, 0x00, 0x00, 0x00, 0x01, 0x00, 0x00, 0x00, 0x06, 0x00, 0x00, 0x00, 
    0x20, 0x00, 0x00, 0x00, 0xae, 0xdc, 0xff, 0xff, 0x00, 0x00, 0x00, 0x01, 
    0x18, 0x00, 0x00, 0x00, 0x28, 0x00, 0x00, 0x00, 0x48, 0x00, 0x00, 0x00, 
    0x2c, 0x00, 0x00, 0x00, 0x00, 0x00, 0x00, 0x09, 0x6c, 0x00, 0x00, 0x00, 
    0x04, 0x00, 0x00, 0x00, 0xff, 0xff, 0xff, 0xff, 0x01, 0x00, 0x00, 0x00, 
    0x08, 0x00, 0x00, 0x00, 0x20, 0x00, 0x00, 0x00, 0x9c, 0xdc, 0xff, 0xff, 
    0x08, 0x00, 0x00, 0x00, 0x14, 0x00, 0x00, 0x00, 0x01, 0x00, 0x00, 0x00, 
    0x8f, 0xff, 0xff, 0xff, 0xff, 0xff, 0xff, 0xff, 0x00, 0x00, 0x00, 0x00, 
    0x01, 0x00, 0x00, 0x00, 0xa2, 0x45, 0x01, 0x3e, 0x2a, 0x00, 0x00, 0x00, 
    0x73, 0x65, 0x71, 0x75, 0x65, 0x6e, 0x74, 0x69, 0x61, 0x6c, 0x2f, 0x63, 
    0x6f, 0x6e, 0x76, 0x31, 0x64, 0x5f, 0x32, 0x2f, 0x63, 0x6f, 0x6e, 0x76, 
    0x6f, 0x6c, 0x75, 0x74, 0x69, 0x6f, 0x6e, 0x2f, 0x45, 0x78, 0x70, 0x61, 
    0x6e, 0x64, 0x44, 0x69, 0x6d, 0x73, 0x00, 0x00, 0x04, 0x00, 0x00, 0x00, 
    0x01, 0x00, 0x00, 0x00, 0x01, 0x00, 0x00, 0x00, 0x08, 0x00, 0x00, 0x00, 
    0x20, 0x00, 0x00, 0x00, 0x4a, 0xdd, 0xff, 0xff, 0x00, 0x00, 0x00, 0x01, 
    0x18, 0x00, 0x00, 0x00, 0x24, 0x00, 0x00, 0x00, 0x44, 0x00, 0x00, 0x00, 
    0x2b, 0x00, 0x00, 0x00, 0x00, 0x00, 0x00, 0x09, 0x6c, 0x00, 0x00, 0x00, 
    0x03, 0x00, 0x00, 0x00, 0xff, 0xff, 0xff, 0xff, 0x08, 0x00, 0x00, 0x00, 
    0x20, 0x00, 0x00, 0x00, 0x34, 0xdd, 0xff, 0xff, 0x08, 0x00, 0x00, 0x00, 
    0x14, 0x00, 0x00, 0x00, 0x01, 0x00, 0x00, 0x00, 0x8f, 0xff, 0xff, 0xff, 
    0xff, 0xff, 0xff, 0xff, 0x00, 0x00, 0x00, 0x00, 0x01, 0x00, 0x00, 0x00, 
    0xa2, 0x45, 0x01, 0x3e, 0x2e, 0x00, 0x00, 0x00, 0x73, 0x65, 0x71, 0x75, 
    0x65, 0x6e, 0x74, 0x69, 0x61, 0x6c, 0x2f, 0x63, 0x6f, 0x6e, 0x76, 0x31, 
    0x64, 0x5f, 0x32, 0x2f, 0x63, 0x6f, 0x6e, 0x76, 0x6f, 0x6c, 0x75, 0x74, 
    0x69, 0x6f, 0x6e, 0x2f, 0x53, 0x70, 0x61, 0x63, 0x65, 0x54, 0x6f, 0x42, 
    0x61, 0x74, 0x63, 0x68, 0x4e, 0x44, 0x00, 0x00, 0x03, 0x00, 0x00, 0x00, 
    0x01, 0x00, 0x00, 0x00, 0x08, 0x00, 0x00, 0x00, 0x20, 0x00, 0x00, 0x00, 
    0xe2, 0xdd, 0xff, 0xff, 0x00, 0x00, 0x00, 0x01, 0x18, 0x00, 0x00, 0x00, 
    0x24, 0x00, 0x00, 0x00, 0x40, 0x00, 0x00, 0x00, 0x2a, 0x00, 0x00, 0x00, 
    0x00, 0x00, 0x00, 0x09, 0x68, 0x00, 0x00, 0x00, 0x03, 0x00, 0x00, 0x00, 
    0xff, 0xff, 0xff, 0xff, 0x0c, 0x00, 0x00, 0x00, 0x20, 0x00, 0x00, 0x00, 
    0xcc, 0xdd, 0xff, 0xff, 0x08, 0x00, 0x00, 0x00, 0x10, 0x00, 0x00, 0x00, 
    0x01, 0x00, 0x00, 0x00, 0x8f, 0xff, 0xff, 0xff, 0xff, 0xff, 0xff, 0xff, 
    0x01, 0x00, 0x00, 0x00, 0xa2, 0x45, 0x01, 0x3e, 0x2d, 0x00, 0x00, 0x00, 
    0x73, 0x65, 0x71, 0x75, 0x65, 0x6e, 0x74, 0x69, 0x61, 0x6c, 0x2f, 0x6d, 
    0x61, 0x78, 0x5f, 0x70, 0x6f, 0x6f, 0x6c, 0x69, 0x6e, 0x67, 0x31, 0x64, 
    0x5f, 0x31, 0x2f, 0x4d, 0x61, 0x78, 0x50, 0x6f, 0x6f, 0x6c, 0x31, 0x64, 
    0x2f, 0x53, 0x71, 0x75, 0x65, 0x65, 0x7a, 0x65, 0x31, 0x00, 0x00, 0x00, 
    0x03, 0x00, 0x00, 0x00, 0x01, 0x00, 0x00, 0x00, 0x0c, 0x00, 0x00, 0x00, 
    0x20, 0x00, 0x00, 0x00, 0x76, 0xde, 0xff, 0xff, 0x00, 0x00, 0x00, 0x01, 
    0x18, 0x00, 0x00, 0x00, 0x28, 0x00, 0x00, 0x00, 0x48, 0x00, 0x00, 0x00, 
    0x29, 0x00, 0x00, 0x00, 0x00, 0x00, 0x00, 0x09, 0x68, 0x00, 0x00, 0x00, 
    0x04, 0x00, 0x00, 0x00, 0xff, 0xff, 0xff, 0xff, 0x01, 0x00, 0x00, 0x00, 
    0x0c, 0x00, 0x00, 0x00, 0x20, 0x00, 0x00, 0x00, 0x64, 0xde, 0xff, 0xff, 
    0x08, 0x00, 0x00, 0x00, 0x14, 0x00, 0x00, 0x00, 0x01, 0x00, 0x00, 0x00, 
    0x8f, 0xff, 0xff, 0xff, 0xff, 0xff, 0xff, 0xff, 0x00, 0x00, 0x00, 0x00, 
    0x01, 0x00, 0x00, 0x00, 0xa2, 0x45, 0x01, 0x3e, 0x24, 0x00, 0x00, 0x00, 
    0x73, 0x65, 0x71, 0x75, 0x65, 0x6e, 0x74, 0x69, 0x61, 0x6c, 0x2f, 0x6d, 
    0x61, 0x78, 0x5f, 0x70, 0x6f, 0x6f, 0x6c, 0x69, 0x6e, 0x67, 0x31, 0x64, 
    0x5f, 0x31, 0x2f, 0x4d, 0x61, 0x78, 0x50, 0x6f, 0x6f, 0x6c, 0x31, 0x64, 
    0x00, 0x00, 0x00, 0x00, 0x04, 0x00, 0x00, 0x00, 0x01, 0x00, 0x00, 0x00, 
    0x01, 0x00, 0x00, 0x00, 0x0c, 0x00, 0x00, 0x00, 0x20, 0x00, 0x00, 0x00, 
    0x0e, 0xdf, 0xff, 0xff, 0x00, 0x00, 0x00, 0x01, 0x18, 0x00, 0x00, 0x00, 
    0x28, 0x00, 0x00, 0x00, 0x44, 0x00, 0x00, 0x00, 0x28, 0x00, 0x00, 0x00, 
    0x00, 0x00, 0x00, 0x09, 0x6c, 0x00, 0x00, 0x00, 0x04, 0x00, 0x00, 0x00, 
    0xff, 0xff, 0xff, 0xff, 0x01, 0x00, 0x00, 0x00, 0x19, 0x00, 0x00, 0x00, 
    0x20, 0x00, 0x00, 0x00, 0xfc, 0xde, 0xff, 0xff, 0x08, 0x00, 0x00, 0x00, 
    0x10, 0x00, 0x00, 0x00, 0x01, 0x00, 0x00, 0x00, 0x8f, 0xff, 0xff, 0xff, 
    0xff, 0xff, 0xff, 0xff, 0x01, 0x00, 0x00, 0x00, 0xa2, 0x45, 0x01, 0x3e, 
    0x2f, 0x00, 0x00, 0x00, 0x73, 0x65, 0x71, 0x75, 0x65, 0x6e, 0x74, 0x69, 
    0x61, 0x6c, 0x2f, 0x6d, 0x61, 0x78, 0x5f, 0x70, 0x6f, 0x6f, 0x6c, 0x69, 
    0x6e, 0x67, 0x31, 0x64, 0x5f, 0x31, 0x2f, 0x4d, 0x61, 0x78, 0x50, 0x6f, 
    0x6f, 0x6c, 0x31, 0x64, 0x2f, 0x45, 0x78, 0x70, 0x61, 0x6e, 0x64, 0x44, 
    0x69, 0x6d, 0x73, 0x00, 0x04, 0x00, 0x00, 0x00, 0x01, 0x00, 0x00, 0x00, 
    0x01, 0x00, 0x00, 0x00, 0x19, 0x00, 0x00, 0x00, 0x20, 0x00, 0x00, 0x00, 
    0xaa, 0xdf, 0xff, 0xff, 0x00, 0x00, 0x00, 0x01, 0x18, 0x00, 0x00, 0x00, 
    0x24, 0x00, 0x00, 0x00, 0x44, 0x00, 0x00, 0x00, 0x27, 0x00, 0x00, 0x00, 
    0x00, 0x00, 0x00, 0x09, 0x48, 0x01, 0x00, 0x00, 0x03, 0x00, 0x00, 0x00, 
    0xff, 0xff, 0xff, 0xff, 0x19, 0x00, 0x00, 0x00, 0x20, 0x00, 0x00, 0x00, 
    0x94, 0xdf, 0xff, 0xff, 0x08, 0x00, 0x00, 0x00, 0x14, 0x00, 0x00, 0x00, 
    0x01, 0x00, 0x00, 0x00, 0x8f, 0xff, 0xff, 0xff, 0xff, 0xff, 0xff, 0xff, 
    0x00, 0x00, 0x00, 0x00, 0x01, 0x00, 0x00, 0x00, 0xa2, 0x45, 0x01, 0x3e, 
    0x08, 0x01, 0x00, 0x00, 0x73, 0x65, 0x71, 0x75, 0x65, 0x6e, 0x74, 0x69, 
    0x61, 0x6c, 0x2f, 0x62, 0x61, 0x74, 0x63, 0x68, 0x5f, 0x6e, 0x6f, 0x72, 
    0x6d, 0x61, 0x6c, 0x69, 0x7a, 0x61, 0x74, 0x69, 0x6f, 0x6e, 0x5f, 0x31, 
    0x2f, 0x62, 0x61, 0x74, 0x63, 0x68, 0x6e, 0x6f, 0x72, 0x6d, 0x2f, 0x61, 
    0x64, 0x64, 0x5f, 0x31, 0x3b, 0x73, 0x65, 0x71, 0x75, 0x65, 0x6e, 0x74, 
    0x69, 0x61, 0x6c, 0x2f, 0x63, 0x6f, 0x6e, 0x76, 0x31, 0x64, 0x5f, 0x31, 
    0x2f, 0x63, 0x6f, 0x6e, 0x76, 0x6f, 0x6c, 0x75, 0x74, 0x69, 0x6f, 0x6e, 
    0x2f, 0x53, 0x71, 0x75, 0x65, 0x65, 0x7a, 0x65, 0x3b, 0x73, 0x65, 0x71, 
    0x75, 0x65, 0x6e, 0x74, 0x69, 0x61, 0x6c, 0x2f, 0x62, 0x61, 0x74, 0x63, 
    0x68, 0x5f, 0x6e, 0x6f, 0x72, 0x6d, 0x61, 0x6c, 0x69, 0x7a, 0x61, 0x74, 
    0x69, 0x6f, 0x6e, 0x5f, 0x31, 0x2f, 0x62, 0x61, 0x74, 0x63, 0x68, 0x6e, 
    0x6f, 0x72, 0x6d, 0x2f, 0x6d, 0x75, 0x6c, 0x3b, 0x73, 0x65, 0x71, 0x75, 
    0x65, 0x6e, 0x74, 0x69, 0x61, 0x6c, 0x2f, 0x63, 0x6f, 0x6e, 0x76, 0x31, 
    0x64, 0x5f, 0x31, 0x2f, 0x52, 0x65, 0x6c, 0x75, 0x3b, 0x73, 0x65, 0x71, 
    0x75, 0x65, 0x6e, 0x74, 0x69, 0x61, 0x6c, 0x2f, 0x63, 0x6f, 0x6e, 0x76, 
    0x31, 0x64, 0x5f, 0x31, 0x2f, 0x42, 0x69, 0x61, 0x73, 0x41, 0x64, 0x64, 
    0x3b, 0x73, 0x65, 0x71, 0x75, 0x65, 0x6e, 0x74, 0x69, 0x61, 0x6c, 0x2f, 
    0x63, 0x6f, 0x6e, 0x76, 0x31, 0x64, 0x5f, 0x31, 0x2f, 0x53, 0x71, 0x75, 
    0x65, 0x65, 0x7a, 0x65, 0x3b, 0x73, 0x65, 0x71, 0x75, 0x65, 0x6e, 0x74, 
    0x69, 0x61, 0x6c, 0x2f, 0x62, 0x61, 0x74, 0x63, 0x68, 0x5f, 0x6e, 0x6f, 
    0x72, 0x6d, 0x61, 0x6c, 0x69, 0x7a, 0x61, 0x74, 0x69, 0x6f, 0x6e, 0x5f, 
    0x31, 0x2f, 0x62, 0x61, 0x74, 0x63, 0x68, 0x6e, 0x6f, 0x72, 0x6d, 0x2f, 
    0x73, 0x75, 0x62, 0x31, 0x00, 0x00, 0x00, 0x00, 0x03, 0x00, 0x00, 0x00, 
    0x01, 0x00, 0x00, 0x00, 0x19, 0x00, 0x00, 0x00, 0x20, 0x00, 0x00, 0x00, 
    0x1e, 0xe1, 0xff, 0xff, 0x00, 0x00, 0x00, 0x01, 0x18, 0x00, 0x00, 0x00, 
    0x28, 0x00, 0x00, 0x00, 0x48, 0x00, 0x00, 0x00, 0x26, 0x00, 0x00, 0x00, 
    0x00, 0x00, 0x00, 0x09, 0x48, 0x01, 0x00, 0x00, 0x04, 0x00, 0x00, 0x00, 
    0xff, 0xff, 0xff, 0xff, 0x01, 0x00, 0x00, 0x00, 0x19, 0x00, 0x00, 0x00, 
    0x20, 0x00, 0x00, 0x00, 0x0c, 0xe1, 0xff, 0xff, 0x08, 0x00, 0x00, 0x00, 
    0x14, 0x00, 0x00, 0x00, 0x01, 0x00, 0x00, 0x00, 0x8f, 0xff, 0xff, 0xff, 
    0xff, 0xff, 0xff, 0xff, 0x00, 0x00, 0x00, 0x00, 0x01, 0x00, 0x00, 0x00, 
    0xa2, 0x45, 0x01, 0x3e, 0x07, 0x01, 0x00, 0x00, 0x73, 0x65, 0x71, 0x75, 
    0x65, 0x6e, 0x74, 0x69, 0x61, 0x6c, 0x2f, 0x62, 0x61, 0x74, 0x63, 0x68, 
    0x5f, 0x6e, 0x6f, 0x72, 0x6d, 0x61, 0x6c, 0x69, 0x7a, 0x61, 0x74, 0x69, 
    0x6f, 0x6e, 0x5f, 0x31, 0x2f, 0x62, 0x61, 0x74, 0x63, 0x68, 0x6e, 0x6f, 
    0x72, 0x6d, 0x2f, 0x61, 0x64, 0x64, 0x5f, 0x31, 0x3b, 0x73, 0x65, 0x71, 
    0x75, 0x65, 0x6e, 0x74, 0x69, 0x61, 0x6c, 0x2f, 0x63, 0x6f, 0x6e, 0x76, 
    0x31, 0x64, 0x5f, 0x31, 0x2f, 0x63, 0x6f, 0x6e, 0x76, 0x6f, 0x6c, 0x75, 
    0x74, 0x69, 0x6f, 0x6e, 0x2f, 0x53, 0x71, 0x75, 0x65, 0x65, 0x7a, 0x65, 
    0x3b, 0x73, 0x65, 0x71, 0x75, 0x65, 0x6e, 0x74, 0x69, 0x61, 0x6c, 0x2f, 
    0x62, 0x61, 0x74, 0x63, 0x68, 0x5f, 0x6e, 0x6f, 0x72, 0x6d, 0x61, 0x6c, 
    0x69, 0x7a, 0x61, 0x74, 0x69, 0x6f, 0x6e, 0x5f, 0x31, 0x2f, 0x62, 0x61, 
    0x74, 0x63, 0x68, 0x6e, 0x6f, 0x72, 0x6d, 0x2f, 0x6d, 0x75, 0x6c, 0x3b, 
    0x73, 0x65, 0x71, 0x75, 0x65, 0x6e, 0x74, 0x69, 0x61, 0x6c, 0x2f, 0x63, 
    0x6f, 0x6e, 0x76, 0x31, 0x64, 0x5f, 0x31, 0x2f, 0x52, 0x65, 0x6c, 0x75, 
    0x3b, 0x73, 0x65, 0x71, 0x75, 0x65, 0x6e, 0x74, 0x69, 0x61, 0x6c, 0x2f, 
    0x63, 0x6f, 0x6e, 0x76, 0x31, 0x64, 0x5f, 0x31, 0x2f, 0x42, 0x69, 0x61, 
    0x73, 0x41, 0x64, 0x64, 0x3b, 0x73, 0x65, 0x71, 0x75, 0x65, 0x6e, 0x74, 
    0x69, 0x61, 0x6c, 0x2f, 0x63, 0x6f, 0x6e, 0x76, 0x31, 0x64, 0x5f, 0x31, 
    0x2f, 0x53, 0x71, 0x75, 0x65, 0x65, 0x7a, 0x65, 0x3b, 0x73, 0x65, 0x71, 
    0x75, 0x65, 0x6e, 0x74, 0x69, 0x61, 0x6c, 0x2f, 0x62, 0x61, 0x74, 0x63, 
    0x68, 0x5f, 0x6e, 0x6f, 0x72, 0x6d, 0x61, 0x6c, 0x69, 0x7a, 0x61, 0x74, 
    0x69, 0x6f, 0x6e, 0x5f, 0x31, 0x2f, 0x62, 0x61, 0x74, 0x63, 0x68, 0x6e, 
    0x6f, 0x72, 0x6d, 0x2f, 0x73, 0x75, 0x62, 0x00, 0x04, 0x00, 0x00, 0x00, 
    0x01, 0x00, 0x00, 0x00, 0x01, 0x00, 0x00, 0x00, 0x19, 0x00, 0x00, 0x00, 
    0x20, 0x00, 0x00, 0x00, 0x96, 0xe2, 0xff, 0xff, 0x00, 0x00, 0x00, 0x01, 
    0x18, 0x00, 0x00, 0x00, 0x28, 0x00, 0x00, 0x00, 0x48, 0x00, 0x00, 0x00, 
    0x25, 0x00, 0x00, 0x00, 0x00, 0x00, 0x00, 0x09, 0xe8, 0x00, 0x00, 0x00, 
    0x04, 0x00, 0x00, 0x00, 0xff, 0xff, 0xff, 0xff, 0x01, 0x00, 0x00, 0x00, 
    0x19, 0x00, 0x00, 0x00, 0x20, 0x00, 0x00, 0x00, 0x84, 0xe2, 0xff, 0xff, 
    0x08, 0x00, 0x00, 0x00, 0x14, 0x00, 0x00, 0x00, 0x01, 0x00, 0x00, 0x00, 
    0x8f, 0xff, 0xff, 0xff, 0xff, 0xff, 0xff, 0xff, 0x00, 0x00, 0x00, 0x00, 
    0x01, 0x00, 0x00, 0x00, 0xa2, 0x45, 0x01, 0x3e, 0xa7, 0x00, 0x00, 0x00, 
    0x73, 0x65, 0x71, 0x75, 0x65, 0x6e, 0x74, 0x69, 0x61, 0x6c, 0x2f, 0x62, 
    0x61, 0x74, 0x63, 0x68, 0x5f, 0x6e, 0x6f, 0x72, 0x6d, 0x61, 0x6c, 0x69, 
    0x7a, 0x61, 0x74, 0x69, 0x6f, 0x6e, 0x5f, 0x31, 0x2f, 0x62, 0x61, 0x74, 
    0x63, 0x68, 0x6e, 0x6f, 0x72, 0x6d, 0x2f, 0x6d, 0x75, 0x6c, 0x3b, 0x73, 
    0x65, 0x71, 0x75, 0x65, 0x6e, 0x74, 0x69, 0x61, 0x6c, 0x2f, 0x63, 0x6f, 
    0x6e, 0x76, 0x31, 0x64, 0x5f, 0x31, 0x2f, 0x63, 0x6f, 0x6e, 0x76, 0x6f, 
    0x6c, 0x75, 0x74, 0x69, 0x6f, 0x6e, 0x2f, 0x53, 0x71, 0x75, 0x65, 0x65, 
    0x7a, 0x65, 0x3b, 0x73, 0x65, 0x71, 0x75, 0x65, 0x6e, 0x74, 0x69, 0x61, 
    0x6c, 0x2f, 0x63, 0x6f, 0x6e, 0x76, 0x31, 0x64, 0x5f, 0x31, 0x2f, 0x52, 
    0x65, 0x6c, 0x75, 0x3b, 0x73, 0x65, 0x71, 0x75, 0x65, 0x6e, 0x74, 0x69, 
    0x61, 0x6c, 0x2f, 0x63, 0x6f, 0x6e, 0x76, 0x31, 0x64, 0x5f, 0x31, 0x2f, 
    0x42, 0x69, 0x61, 0x73, 0x41, 0x64, 0x64, 0x3b, 0x73, 0x65, 0x71, 0x75, 
    0x65, 0x6e, 0x74, 0x69, 0x61, 0x6c, 0x2f, 0x63, 0x6f, 0x6e, 0x76, 0x31, 
    0x64, 0x5f, 0x31, 0x2f, 0x53, 0x71, 0x75, 0x65, 0x65, 0x7a, 0x65, 0x00, 
    0x04, 0x00, 0x00, 0x00, 0x01, 0x00, 0x00, 0x00, 0x01, 0x00, 0x00, 0x00, 
    0x19, 0x00, 0x00, 0x00, 0x20, 0x00, 0x00, 0x00, 0xae, 0xe3, 0xff, 0xff, 
    0x00, 0x00, 0x00, 0x01, 0x18, 0x00, 0x00, 0x00, 0x28, 0x00, 0x00, 0x00, 
    0x44, 0x00, 0x00, 0x00, 0x24, 0x00, 0x00, 0x00, 0x00, 0x00, 0x00, 0x09, 
    0xd8, 0x00, 0x00, 0x00, 0x04, 0x00, 0x00, 0x00, 0xff, 0xff, 0xff, 0xff, 
    0x01, 0x00, 0x00, 0x00, 0x19, 0x00, 0x00, 0x00, 0x20, 0x00, 0x00, 0x00, 
    0x9c, 0xe3, 0xff, 0xff, 0x08, 0x00, 0x00, 0x00, 0x10, 0x00, 0x00, 0x00, 
    0x01, 0x00, 0x00, 0x00, 0x80, 0xff, 0xff, 0xff, 0xff, 0xff, 0xff, 0xff, 
    0x01, 0x00, 0x00, 0x00, 0xf4, 0x9b, 0xf1, 0x3d, 0x99, 0x00, 0x00, 0x00, 
    0x73, 0x65, 0x71, 0x75, 0x65, 0x6e, 0x74, 0x69, 0x61, 0x6c, 0x2f, 0x63, 
    0x6f, 0x6e, 0x76, 0x31, 0x64, 0x5f, 0x31, 0x2f, 0x52, 0x65, 0x6c, 0x75, 
    0x3b, 0x73, 0x65, 0x71, 0x75, 0x65, 0x6e, 0x74, 0x69, 0x61, 0x6c, 0x2f, 
    0x63, 0x6f, 0x6e, 0x76, 0x31, 0x64, 0x5f, 0x31, 0x2f, 0x42, 0x69, 0x61, 
    0x73, 0x41, 0x64, 0x64, 0x3b, 0x73, 0x65, 0x71, 0x75, 0x65, 0x6e, 0x74, 
    0x69, 0x61, 0x6c, 0x2f, 0x63, 0x6f, 0x6e, 0x76, 0x31, 0x64, 0x5f, 0x31, 
    0x2f, 0x63, 0x6f, 0x6e, 0x76, 0x6f, 0x6c, 0x75, 0x74, 0x69, 0x6f, 0x6e, 
    0x2f, 0x53, 0x71, 0x75, 0x65, 0x65, 0x7a, 0x65, 0x3b, 0x73, 0x65, 0x71, 
    0x75, 0x65, 0x6e, 0x74, 0x69, 0x61, 0x6c, 0x2f, 0x63, 0x6f, 0x6e, 0x76, 
    0x31, 0x64, 0x5f, 0x31, 0x2f, 0x53, 0x71, 0x75, 0x65, 0x65, 0x7a, 0x65, 
    0x3b, 0x73, 0x65, 0x71, 0x75, 0x65, 0x6e, 0x74, 0x69, 0x61, 0x6c, 0x2f, 
    0x63, 0x6f, 0x6e, 0x76, 0x31, 0x64, 0x5f, 0x31, 0x2f, 0x63, 0x6f, 0x6e, 
    0x76, 0x6f, 0x6c, 0x75, 0x74, 0x69, 0x6f, 0x6e, 0x31, 0x00, 0x00, 0x00, 
    0x04, 0x00, 0x00, 0x00, 0x01, 0x00, 0x00, 0x00, 0x01, 0x00, 0x00, 0x00, 
    0x19, 0x00, 0x00, 0x00, 0x20, 0x00, 0x00, 0x00, 0xb6, 0xe4, 0xff, 0xff, 
    0x00, 0x00, 0x00, 0x01, 0x18, 0x00, 0x00, 0x00, 0x28, 0x00, 0x00, 0x00, 
    0x48, 0x00, 0x00, 0x00, 0x23, 0x00, 0x00, 0x00, 0x00, 0x00, 0x00, 0x09, 
    0x6c, 0x00, 0x00, 0x00, 0x04, 0x00, 0x00, 0x00, 0xff, 0xff, 0xff, 0xff, 
    0x01, 0x00, 0x00, 0x00, 0x19, 0x00, 0x00, 0x00, 0x10, 0x00, 0x00, 0x00, 
    0xa4, 0xe4, 0xff, 0xff, 0x08, 0x00, 0x00, 0x00, 0x14, 0x00, 0x00, 0x00, 
    0x01, 0x00, 0x00, 0x00, 0x98, 0xff, 0xff, 0xff, 0xff, 0xff, 0xff, 0xff, 
    0x00, 0x00, 0x00, 0x00, 0x01, 0x00, 0x00, 0x00, 0xdc, 0x1e, 0xe4, 0x3d, 
    0x2a, 0x00, 0x00, 0x00, 0x73, 0x65, 0x71, 0x75, 0x65, 0x6e, 0x74, 0x69, 
    0x61, 0x6c, 0x2f, 0x63, 0x6f, 0x6e, 0x76, 0x31, 0x64, 0x5f, 0x31, 0x2f, 
    0x63, 0x6f, 0x6e, 0x76, 0x6f, 0x6c, 0x75, 0x74, 0x69, 0x6f, 0x6e, 0x2f, 
    0x45, 0x78, 0x70, 0x61, 0x6e, 0x64, 0x44, 0x69, 0x6d, 0x73, 0x00, 0x00, 
    0x04, 0x00, 0x00, 0x00, 0x01, 0x00, 0x00, 0x00, 0x01, 0x00, 0x00, 0x00, 
    0x19, 0x00, 0x00, 0x00, 0x10, 0x00, 0x00, 0x00, 0x52, 0xe5, 0xff, 0xff, 
    0x00, 0x00, 0x00, 0x01, 0x18, 0x00, 0x00, 0x00, 0x24, 0x00, 0x00, 0x00, 
    0x44, 0x00, 0x00, 0x00, 0x22, 0x00, 0x00, 0x00, 0x00, 0x00, 0x00, 0x09, 
    0x68, 0x00, 0x00, 0x00, 0x03, 0x00, 0x00, 0x00, 0xff, 0xff, 0xff, 0xff, 
    0x19, 0x00, 0x00, 0x00, 0x10, 0x00, 0x00, 0x00, 0x3c, 0xe5, 0xff, 0xff, 
    0x08, 0x00, 0x00, 0x00, 0x14, 0x00, 0x00, 0x00, 0x01, 0x00, 0x00, 0x00, 
    0x98, 0xff, 0xff, 0xff, 0xff, 0xff, 0xff, 0xff, 0x00, 0x00, 0x00, 0x00, 
    0x01, 0x00, 0x00, 0x00, 0xdc, 0x1e, 0xe4, 0x3d, 0x2b, 0x00, 0x00, 0x00, 
    0x73, 0x65, 0x71, 0x75, 0x65, 0x6e, 0x74, 0x69, 0x61, 0x6c, 0x2f, 0x6d, 
    0x61, 0x78, 0x5f, 0x70, 0x6f, 0x6f, 0x6c, 0x69, 0x6e, 0x67, 0x31, 0x64, 
    0x2f, 0x4d, 0x61, 0x78, 0x50, 0x6f, 0x6f, 0x6c, 0x31, 0x64, 0x2f, 0x53, 
    0x71, 0x75, 0x65, 0x65, 0x7a, 0x65, 0x31, 0x00, 0x03, 0x00, 0x00, 0x00, 
    0x01, 0x00, 0x00, 0x00, 0x19, 0x00, 0x00, 0x00, 0x10, 0x00, 0x00, 0x00, 
    0xe6, 0xe5, 0xff, 0xff, 0x00, 0x00, 0x00, 0x01, 0x18, 0x00, 0x00, 0x00, 
    0x28, 0x00, 0x00, 0x00, 0x44, 0x00, 0x00, 0x00, 0x21, 0x00, 0x00, 0x00, 
    0x00, 0x00, 0x00, 0x09, 0x60, 0x00, 0x00, 0x00, 0x04, 0x00, 0x00, 0x00, 
    0xff, 0xff, 0xff, 0xff, 0x01, 0x00, 0x00, 0x00, 0x19, 0x00, 0x00, 0x00, 
    0x10, 0x00, 0x00, 0x00, 0xd4, 0xe5, 0xff, 0xff, 0x08, 0x00, 0x00, 0x00, 
    0x10, 0x00, 0x00, 0x00, 0x01, 0x00, 0x00, 0x00, 0x98, 0xff, 0xff, 0xff, 
    0xff, 0xff, 0xff, 0xff, 0x01, 0x00, 0x00, 0x00, 0xdc, 0x1e, 0xe4, 0x3d, 
    0x22, 0x00, 0x00, 0x00, 0x73, 0x65, 0x71, 0x75, 0x65, 0x6e, 0x74, 0x69, 
    0x61, 0x6c, 0x2f, 0x6d, 0x61, 0x78, 0x5f, 0x70, 0x6f, 0x6f, 0x6c, 0x69, 
    0x6e, 0x67, 0x31, 0x64, 0x2f, 0x4d, 0x61, 0x78, 0x50, 0x6f, 0x6f, 0x6c, 
    0x31, 0x64, 0x00, 0x00, 0x04, 0x00, 0x00, 0x00, 0x01, 0x00, 0x00, 0x00, 
    0x01, 0x00, 0x00, 0x00, 0x19, 0x00, 0x00, 0x00, 0x10, 0x00, 0x00, 0x00, 
    0x76, 0xe6, 0xff, 0xff, 0x00, 0x00, 0x00, 0x01, 0x18, 0x00, 0x00, 0x00, 
    0x28, 0x00, 0x00, 0x00, 0x44, 0x00, 0x00, 0x00, 0x20, 0x00, 0x00, 0x00, 
    0x00, 0x00, 0x00, 0x09, 0x6c, 0x00, 0x00, 0x00, 0x04, 0x00, 0x00, 0x00, 
    0xff, 0xff, 0xff, 0xff, 0x01, 0x00, 0x00, 0x00, 0x32, 0x00, 0x00, 0x00, 
    0x10, 0x00, 0x00, 0x00, 0x64, 0xe6, 0xff, 0xff, 0x08, 0x00, 0x00, 0x00, 
    0x10, 0x00, 0x00, 0x00, 0x01, 0x00, 0x00, 0x00, 0x98, 0xff, 0xff, 0xff, 
    0xff, 0xff, 0xff, 0xff, 0x01, 0x00, 0x00, 0x00, 0xdc, 0x1e, 0xe4, 0x3d, 
    0x2d, 0x00, 0x00, 0x00, 0x73, 0x65, 0x71, 0x75, 0x65, 0x6e, 0x74, 0x69, 
    0x61, 0x6c, 0x2f, 0x6d, 0x61, 0x78, 0x5f, 0x70, 0x6f, 0x6f, 0x6c, 0x69, 
    0x6e, 0x67, 0x31, 0x64, 0x2f, 0x4d, 0x61, 0x78, 0x50, 0x6f, 0x6f, 0x6c, 
    0x31, 0x64, 0x2f, 0x45, 0x78, 0x70, 0x61, 0x6e, 0x64, 0x44, 0x69, 0x6d, 
    0x73, 0x00, 0x00, 0x00, 0x04, 0x00, 0x00, 0x00, 0x01, 0x00, 0x00, 0x00, 
    0x01, 0x00, 0x00, 0x00, 0x32, 0x00, 0x00, 0x00, 0x10, 0x00, 0x00, 0x00, 
    0x12, 0xe7, 0xff, 0xff, 0x00, 0x00, 0x00, 0x01, 0x18, 0x00, 0x00, 0x00, 
    0x24, 0x00, 0x00, 0x00, 0x44, 0x00, 0x00, 0x00, 0x1f, 0x00, 0x00, 0x00, 
    0x00, 0x00, 0x00, 0x09, 0x38, 0x01, 0x00, 0x00, 0x03, 0x00, 0x00, 0x00, 
    0xff, 0xff, 0xff, 0xff, 0x32, 0x00, 0x00, 0x00, 0x10, 0x00, 0x00, 0x00, 
    0xfc, 0xe6, 0xff, 0xff, 0x08, 0x00, 0x00, 0x00, 0x14, 0x00, 0x00, 0x00, 
    0x01, 0x00, 0x00, 0x00, 0x98, 0xff, 0xff, 0xff, 0xff, 0xff, 0xff, 0xff, 
    0x00, 0x00, 0x00, 0x00, 0x01, 0x00, 0x00, 0x00, 0xdc, 0x1e, 0xe4, 0x3d, 
    0xfa, 0x00, 0x00, 0x00, 0x73, 0x65, 0x71, 0x75, 0x65, 0x6e, 0x74, 0x69, 
    0x61, 0x6c, 0x2f, 0x62, 0x61, 0x74, 0x63, 0x68, 0x5f, 0x6e, 0x6f, 0x72, 
    0x6d, 0x61, 0x6c, 0x69, 0x7a, 0x61, 0x74, 0x69, 0x6f, 0x6e, 0x2f, 0x62, 
    0x61, 0x74, 0x63, 0x68, 0x6e, 0x6f, 0x72, 0x6d, 0x2f, 0x61, 0x64, 0x64, 
    0x5f, 0x31, 0x3b, 0x73, 0x65, 0x71, 0x75, 0x65, 0x6e, 0x74, 0x69, 0x61, 
    0x6c, 0x2f, 0x63, 0x6f, 0x6e, 0x76, 0x31, 0x64, 0x2f, 0x63, 0x6f, 0x6e, 
    0x76, 0x6f, 0x6c, 0x75, 0x74, 0x69, 0x6f, 0x6e, 0x2f, 0x53, 0x71, 0x75, 
    0x65, 0x65, 0x7a, 0x65, 0x3b, 0x73, 0x65, 0x71, 0x75, 0x65, 0x6e, 0x74, 
    0x69, 0x61, 0x6c, 0x2f, 0x62, 0x61, 0x74, 0x63, 0x68, 0x5f, 0x6e, 0x6f, 
    0x72, 0x6d, 0x61, 0x6c, 0x69, 0x7a, 0x61, 0x74, 0x69, 0x6f, 0x6e, 0x2f, 
    0x62, 0x61, 0x74, 0x63, 0x68, 0x6e, 0x6f, 0x72, 0x6d, 0x2f, 0x6d, 0x75, 
    0x6c, 0x3b, 0x73, 0x65, 0x71, 0x75, 0x65, 0x6e, 0x74, 0x69, 0x61, 0x6c, 
    0x2f, 0x63, 0x6f, 0x6e, 0x76, 0x31, 0x64, 0x2f, 0x52, 0x65, 0x6c, 0x75, 
    0x3b, 0x73, 0x65, 0x71, 0x75, 0x65, 0x6e, 0x74, 0x69, 0x61, 0x6c, 0x2f, 
    0x63, 0x6f, 0x6e, 0x76, 0x31, 0x64, 0x2f, 0x42, 0x69, 0x61, 0x73, 0x41, 
    0x64, 0x64, 0x3b, 0x73, 0x65, 0x71, 0x75, 0x65, 0x6e, 0x74, 0x69, 0x61, 
    0x6c, 0x2f, 0x63, 0x6f, 0x6e, 0x76, 0x31, 0x64, 0x2f, 0x53, 0x71, 0x75, 
    0x65, 0x65, 0x7a, 0x65, 0x3b, 0x73, 0x65, 0x71, 0x75, 0x65, 0x6e, 0x74, 
    0x69, 0x61, 0x6c, 0x2f, 0x62, 0x61, 0x74, 0x63, 0x68, 0x5f, 0x6e, 0x6f, 
    0x72, 0x6d, 0x61, 0x6c, 0x69, 0x7a, 0x61, 0x74, 0x69, 0x6f, 0x6e, 0x2f, 
    0x62, 0x61, 0x74, 0x63, 0x68, 0x6e, 0x6f, 0x72, 0x6d, 0x2f, 0x73, 0x75, 
    0x62, 0x31, 0x00, 0x00, 0x03, 0x00, 0x00, 0x00, 0x01, 0x00, 0x00, 0x00, 
    0x32, 0x00, 0x00, 0x00, 0x10, 0x00, 0x00, 0x00, 0x76, 0xe8, 0xff, 0xff, 
    0x00, 0x00, 0x00, 0x01, 0x18, 0x00, 0x00, 0x00, 0x28, 0x00, 0x00, 0x00, 
    0x44, 0x00, 0x00, 0x00, 0x1e, 0x00, 0x00, 0x00, 0x00, 0x00, 0x00, 0x09, 
    0x38, 0x01, 0x00, 0x00, 0x04, 0x00, 0x00, 0x00, 0xff, 0xff, 0xff, 0xff, 
    0x01, 0x00, 0x00, 0x00, 0x32, 0x00, 0x00, 0x00, 0x10, 0x00, 0x00, 0x00, 
    0x64, 0xe8, 0xff, 0xff, 0x08, 0x00, 0x00, 0x00, 0x10, 0x00, 0x00, 0x00, 
    0x01, 0x00, 0x00, 0x00, 0x98, 0xff, 0xff, 0xff, 0xff, 0xff, 0xff, 0xff, 
    0x01, 0x00, 0x00, 0x00, 0xdc, 0x1e, 0xe4, 0x3d, 0xf9, 0x00, 0x00, 0x00, 
    0x73, 0x65, 0x71, 0x75, 0x65, 0x6e, 0x74, 0x69, 0x61, 0x6c, 0x2f, 0x62, 
    0x61, 0x74, 0x63, 0x68, 0x5f, 0x6e, 0x6f, 0x72, 0x6d, 0x61, 0x6c, 0x69, 
    0x7a, 0x61, 0x74, 0x69, 0x6f, 0x6e, 0x2f, 0x62, 0x61, 0x74, 0x63, 0x68, 
    0x6e, 0x6f, 0x72, 0x6d, 0x2f, 0x61, 0x64, 0x64, 0x5f, 0x31, 0x3b, 0x73, 
    0x65, 0x71, 0x75, 0x65, 0x6e, 0x74, 0x69, 0x61, 0x6c, 0x2f, 0x63, 0x6f, 
    0x6e, 0x76, 0x31, 0x64, 0x2f, 0x63, 0x6f, 0x6e, 0x76, 0x6f, 0x6c, 0x75, 
    0x74, 0x69, 0x6f, 0x6e, 0x2f, 0x53, 0x71, 0x75, 0x65, 0x65, 0x7a, 0x65, 
    0x3b, 0x73, 0x65, 0x71, 0x75, 0x65, 0x6e, 0x74, 0x69, 0x61, 0x6c, 0x2f, 
    0x62, 0x61, 0x74, 0x63, 0x68, 0x5f, 0x6e, 0x6f, 0x72, 0x6d, 0x61, 0x6c, 
    0x69, 0x7a, 0x61, 0x74, 0x69, 0x6f, 0x6e, 0x2f, 0x62, 0x61, 0x74, 0x63, 
    0x68, 0x6e, 0x6f, 0x72, 0x6d, 0x2f, 0x6d, 0x75, 0x6c, 0x3b, 0x73, 0x65, 
    0x71, 0x75, 0x65, 0x6e, 0x74, 0x69, 0x61, 0x6c, 0x2f, 0x63, 0x6f, 0x6e, 
    0x76, 0x31, 0x64, 0x2f, 0x52, 0x65, 0x6c, 0x75, 0x3b, 0x73, 0x65, 0x71, 
    0x75, 0x65, 0x6e, 0x74, 0x69, 0x61, 0x6c, 0x2f, 0x63, 0x6f, 0x6e, 0x76, 
    0x31, 0x64, 0x2f, 0x42, 0x69, 0x61, 0x73, 0x41, 0x64, 0x64, 0x3b, 0x73, 
    0x65, 0x71, 0x75, 0x65, 0x6e, 0x74, 0x69, 0x61, 0x6c, 0x2f, 0x63, 0x6f, 
    0x6e, 0x76, 0x31, 0x64, 0x2f, 0x53, 0x71, 0x75, 0x65, 0x65, 0x7a, 0x65, 
    0x3b, 0x73, 0x65, 0x71, 0x75, 0x65, 0x6e, 0x74, 0x69, 0x61, 0x6c, 0x2f, 
    0x62, 0x61, 0x74, 0x63, 0x68, 0x5f, 0x6e, 0x6f, 0x72, 0x6d, 0x61, 0x6c, 
    0x69, 0x7a, 0x61, 0x74, 0x69, 0x6f, 0x6e, 0x2f, 0x62, 0x61, 0x74, 0x63, 
    0x68, 0x6e, 0x6f, 0x72, 0x6d, 0x2f, 0x73, 0x75, 0x62, 0x00, 0x00, 0x00, 
    0x04, 0x00, 0x00, 0x00, 0x01, 0x00, 0x00, 0x00, 0x01, 0x00, 0x00, 0x00, 
    0x32, 0x00, 0x00, 0x00, 0x10, 0x00, 0x00, 0x00, 0xde, 0xe9, 0xff, 0xff, 
    0x00, 0x00, 0x00, 0x01, 0x18, 0x00, 0x00, 0x00, 0x28, 0x00, 0x00, 0x00, 
    0x48, 0x00, 0x00, 0x00, 0x1d, 0x00, 0x00, 0x00, 0x00, 0x00, 0x00, 0x09, 
    0xe0, 0x00, 0x00, 0x00, 0x04, 0x00, 0x00, 0x00, 0xff, 0xff, 0xff, 0xff, 
    0x01, 0x00, 0x00, 0x00, 0x32, 0x00, 0x00, 0x00, 0x10, 0x00, 0x00, 0x00, 
    0xcc, 0xe9, 0xff, 0xff, 0x08, 0x00, 0x00, 0x00, 0x14, 0x00, 0x00, 0x00, 
    0x01, 0x00, 0x00, 0x00, 0x98, 0xff, 0xff, 0xff, 0xff, 0xff, 0xff, 0xff, 
    0x00, 0x00, 0x00, 0x00, 0x01, 0x00, 0x00, 0x00, 0xba, 0x9a, 0xe5, 0x3d, 
    0x9d, 0x00, 0x00, 0x00, 0x73, 0x65, 0x71, 0x75, 0x65, 0x6e, 0x74, 0x69, 
    0x61, 0x6c, 0x2f, 0x62, 0x61, 0x74, 0x63, 0x68, 0x5f, 0x6e, 0x6f, 0x72, 
    0x6d, 0x61, 0x6c, 0x69, 0x7a, 0x61, 0x74, 0x69, 0x6f, 0x6e, 0x2f, 0x62, 
    0x61, 0x74, 0x63, 0x68, 0x6e, 0x6f, 0x72, 0x6d, 0x2f, 0x6d, 0x75, 0x6c, 
    0x3b, 0x73, 0x65, 0x71, 0x75, 0x65, 0x6e, 0x74, 0x69, 0x61, 0x6c, 0x2f, 
    0x63, 0x6f, 0x6e, 0x76, 0x31, 0x64, 0x2f, 0x63, 0x6f, 0x6e, 0x76, 0x6f, 
    0x6c, 0x75, 0x74, 0x69, 0x6f, 0x6e, 0x2f, 0x53, 0x71, 0x75, 0x65, 0x65, 
    0x7a, 0x65, 0x3b, 0x73, 0x65, 0x71, 0x75, 0x65, 0x6e, 0x74, 0x69, 0x61, 
    0x6c, 0x2f, 0x63, 0x6f, 0x6e, 0x76, 0x31, 0x64, 0x2f, 0x52, 0x65, 0x6c, 
    0x75, 0x3b, 0x73, 0x65, 0x71, 0x75, 0x65, 0x6e, 0x74, 0x69, 0x61, 0x6c, 
    0x2f, 0x63, 0x6f, 0x6e, 0x76, 0x31, 0x64, 0x2f, 0x42, 0x69, 0x61, 0x73, 
    0x41, 0x64, 0x64, 0x3b, 0x73, 0x65, 0x71, 0x75, 0x65, 0x6e, 0x74, 0x69, 
    0x61, 0x6c, 0x2f, 0x63, 0x6f, 0x6e, 0x76, 0x31, 0x64, 0x2f, 0x53, 0x71, 
    0x75, 0x65, 0x65, 0x7a, 0x65, 0x00, 0x00, 0x00, 0x04, 0x00, 0x00, 0x00, 
    0x01, 0x00, 0x00, 0x00, 0x01, 0x00, 0x00, 0x00, 0x32, 0x00, 0x00, 0x00, 
    0x10, 0x00, 0x00, 0x00, 0xee, 0xea, 0xff, 0xff, 0x00, 0x00, 0x00, 0x01, 
    0x18, 0x00, 0x00, 0x00, 0x28, 0x00, 0x00, 0x00, 0x48, 0x00, 0x00, 0x00, 
    0x1c, 0x00, 0x00, 0x00, 0x00, 0x00, 0x00, 0x09, 0xd0, 0x00, 0x00, 0x00, 
    0x04, 0x00, 0x00, 0x00, 0xff, 0xff, 0xff, 0xff, 0x01, 0x00, 0x00, 0x00, 
    0x32, 0x00, 0x00, 0x00, 0x10, 0x00, 0x00, 0x00, 0xdc, 0xea, 0xff, 0xff, 
    0x08, 0x00, 0x00, 0x00, 0x14, 0x00, 0x00, 0x00, 0x01, 0x00, 0x00, 0x00, 
    0x80, 0xff, 0xff, 0xff, 0xff, 0xff, 0xff, 0xff, 0x00, 0x00, 0x00, 0x00, 
    0x01, 0x00, 0x00, 0x00, 0x0d, 0xbb, 0xce, 0x3f, 0x8f, 0x00, 0x00, 0x00, 
    0x73, 0x65, 0x71, 0x75, 0x65, 0x6e, 0x74, 0x69, 0x61, 0x6c, 0x2f, 0x63, 
    0x6f, 0x6e, 0x76, 0x31, 0x64, 0x2f, 0x52, 0x65, 0x6c, 0x75, 0x3b, 0x73, 
    0x65, 0x71, 0x75, 0x65, 0x6e, 0x74, 0x69, 0x61, 0x6c, 0x2f, 0x63, 0x6f, 
    0x6e, 0x76, 0x31, 0x64, 0x2f, 0x42, 0x69, 0x61, 0x73, 0x41, 0x64, 0x64, 
    0x3b, 0x73, 0x65, 0x71, 0x75, 0x65, 0x6e, 0x74, 0x69, 0x61, 0x6c, 0x2f, 
    0x63, 0x6f, 0x6e, 0x76, 0x31, 0x64, 0x2f, 0x63, 0x6f, 0x6e, 0x76, 0x6f, 
    0x6c, 0x75, 0x74, 0x69, 0x6f, 0x6e, 0x2f, 0x53, 0x71, 0x75, 0x65, 0x65, 
    0x7a, 0x65, 0x3b, 0x73, 0x65, 0x71, 0x75, 0x65, 0x6e, 0x74, 0x69, 0x61, 
    0x6c, 0x2f, 0x63, 0x6f, 0x6e, 0x76, 0x31, 0x64, 0x2f, 0x53, 0x71, 0x75, 
    0x65, 0x65, 0x7a, 0x65, 0x3b, 0x73, 0x65, 0x71, 0x75, 0x65, 0x6e, 0x74, 
    0x69, 0x61, 0x6c, 0x2f, 0x63, 0x6f, 0x6e, 0x76, 0x31, 0x64, 0x2f, 0x63, 
    0x6f, 0x6e, 0x76, 0x6f, 0x6c, 0x75, 0x74, 0x69, 0x6f, 0x6e, 0x31, 0x00, 
    0x04, 0x00, 0x00, 0x00, 0x01, 0x00, 0x00, 0x00, 0x01, 0x00, 0x00, 0x00, 
    0x32, 0x00, 0x00, 0x00, 0x10, 0x00, 0x00, 0x00, 0xee, 0xeb, 0xff, 0xff, 
    0x00, 0x00, 0x00, 0x01, 0x18, 0x00, 0x00, 0x00, 0x28, 0x00, 0x00, 0x00, 
    0x44, 0x00, 0x00, 0x00, 0x1b, 0x00, 0x00, 0x00, 0x00, 0x00, 0x00, 0x09, 
    0x68, 0x00, 0x00, 0x00, 0x04, 0x00, 0x00, 0x00, 0xff, 0xff, 0xff, 0xff, 
    0x01, 0x00, 0x00, 0x00, 0x32, 0x00, 0x00, 0x00, 0x06, 0x00, 0x00, 0x00, 
    0xdc, 0xeb, 0xff, 0xff, 0x08, 0x00, 0x00, 0x00, 0x10, 0x00, 0x00, 0x00, 
    0x01, 0x00, 0x00, 0x00, 0x07, 0x00, 0x00, 0x00, 0x00, 0x00, 0x00, 0x00, 
    0x01, 0x00, 0x00, 0x00, 0x46, 0x6a, 0x58, 0x40, 0x28, 0x00, 0x00, 0x00, 
    0x73, 0x65, 0x71, 0x75, 0x65, 0x6e, 0x74, 0x69, 0x61, 0x6c, 0x2f, 0x63, 
    0x6f, 0x6e, 0x76, 0x31, 0x64, 0x2f, 0x63, 0x6f, 0x6e, 0x76, 0x6f, 0x6c, 
    0x75, 0x74, 0x69, 0x6f, 0x6e, 0x2f, 0x45, 0x78, 0x70, 0x61, 0x6e, 0x64, 
    0x44, 0x69, 0x6d, 0x73, 0x00, 0x00, 0x00, 0x00, 0x04, 0x00, 0x00, 0x00, 
    0x01, 0x00, 0x00, 0x00, 0x01, 0x00, 0x00, 0x00, 0x32, 0x00, 0x00, 0x00, 
    0x06, 0x00, 0x00, 0x00, 0xda, 0xec, 0xff, 0xff, 0x00, 0x00, 0x00, 0x01, 
    0x14, 0x00, 0x00, 0x00, 0xe4, 0x00, 0x00, 0x00, 0x1a, 0x00, 0x00, 0x00, 
    0x00, 0x00, 0x00, 0x09, 0xfc, 0x00, 0x00, 0x00, 0x5c, 0xec, 0xff, 0xff, 
    0x08, 0x00, 0x00, 0x00, 0x88, 0x00, 0x00, 0x00, 0x10, 0x00, 0x00, 0x00, 
    0x00, 0x00, 0x00, 0x00, 0x00, 0x00, 0x00, 0x00, 0x00, 0x00, 0x00, 0x00, 
    0x00, 0x00, 0x00, 0x00, 0x00, 0x00, 0x00, 0x00, 0x00, 0x00, 0x00, 0x00, 
    0x00, 0x00, 0x00, 0x00, 0x00, 0x00, 0x00, 0x00, 0x00, 0x00, 0x00, 0x00, 
    0x00, 0x00, 0x00, 0x00, 0x00, 0x00, 0x00, 0x00, 0x00, 0x00, 0x00, 0x00, 
    0x00, 0x00, 0x00, 0x00, 0x00, 0x00, 0x00, 0x00, 0x00, 0x00, 0x00, 0x00, 
    0x00, 0x00, 0x00, 0x00, 0x00, 0x00, 0x00, 0x00, 0x00, 0x00, 0x00, 0x00, 
    0x00, 0x00, 0x00, 0x00, 0x00, 0x00, 0x00, 0x00, 0x00, 0x00, 0x00, 0x00, 
    0x00, 0x00, 0x00, 0x00, 0x00, 0x00, 0x00, 0x00, 0x00, 0x00, 0x00, 0x00, 
    0x00, 0x00, 0x00, 0x00, 0x00, 0x00, 0x00, 0x00, 0x00, 0x00, 0x00, 0x00, 
    0x00, 0x00, 0x00, 0x00, 0x00, 0x00, 0x00, 0x00, 0x00, 0x00, 0x00, 0x00, 
    0x00, 0x00, 0x00, 0x00, 0x00, 0x00, 0x00, 0x00, 0x10, 0x00, 0x00, 0x00, 
    0x61, 0x6b, 0xe1, 0x3b, 0xe7, 0xcc, 0x0a, 0x3d, 0x1d, 0x88, 0xdd, 0x3b, 
    0x0a, 0xeb, 0x4c, 0x3c, 0xa5, 0xe5, 0x55, 0x3c, 0x1b, 0x55, 0x28, 0x3c, 
    0xc6, 0x13, 0x87, 0x3b, 0x25, 0x50, 0x7c, 0x3c, 0xb1, 0x39, 0x0f, 0x3c, 
    0xe9, 0x55, 0xa5, 0x3b, 0x8c, 0xca, 0x1e, 0x3c, 0x74, 0x34, 0x95, 0x3c, 
    0x37, 0x20, 0x2b, 0x3c, 0x0c, 0x44, 0xf6, 0x3b, 0xab, 0xba, 0x26, 0x3c, 
    0x1d, 0x64, 0x31, 0x3c, 0x1d, 0x00, 0x00, 0x00, 0x73, 0x65, 0x71, 0x75, 
    0x65, 0x6e, 0x74, 0x69, 0x61, 0x6c, 0x2f, 0x63, 0x6f, 0x6e, 0x76, 0x31, 
    0x64, 0x2f, 0x63, 0x6f, 0x6e, 0x76, 0x6f, 0x6c, 0x75, 0x74, 0x69, 0x6f, 
    0x6e, 0x00, 0x00, 0x00, 0x04, 0x00, 0x00, 0x00, 0x10, 0x00, 0x00, 0x00, 
    0x01, 0x00, 0x00, 0x00, 0x03, 0x00, 0x00, 0x00, 0x06, 0x00, 0x00, 0x00, 
    0x02, 0xee, 0xff, 0xff, 0x00, 0x00, 0x00, 0x01, 0x14, 0x00, 0x00, 0x00, 
    0xe8, 0x00, 0x00, 0x00, 0x19, 0x00, 0x00, 0x00, 0x00, 0x00, 0x00, 0x02, 
    0x70, 0x01, 0x00, 0x00, 0x84, 0xed, 0xff, 0xff, 0x08, 0x00, 0x00, 0x00, 
    0x8c, 0x00, 0x00, 0x00, 0x10, 0x00, 0x00, 0x00, 0x00, 0x00, 0x00, 0x00, 
    0x00, 0x00, 0x00, 0x00, 0x00, 0x00, 0x00, 0x00, 0x00, 0x00, 0x00, 0x00, 
    0x00, 0x00, 0x00, 0x00, 0x00, 0x00, 0x00, 0x00, 0x00, 0x00, 0x00, 0x00, 
    0x00, 0x00, 0x00, 0x00, 0x00, 0x00, 0x00, 0x00, 0x00, 0x00, 0x00, 0x00, 
    0x00, 0x00, 0x00, 0x00, 0x00, 0x00, 0x00, 0x00, 0x00, 0x00, 0x00, 0x00, 
    0x00, 0x00, 0x00, 0x00, 0x00, 0x00, 0x00, 0x00, 0x00, 0x00, 0x00, 0x00, 
    0x00, 0x00, 0x00, 0x00, 0x00, 0x00, 0x00, 0x00, 0x00, 0x00, 0x00, 0x00, 
    0x00, 0x00, 0x00, 0x00, 0x00, 0x00, 0x00, 0x00, 0x00, 0x00, 0x00, 0x00, 
    0x00, 0x00, 0x00, 0x00, 0x00, 0x00, 0x00, 0x00, 0x00, 0x00, 0x00, 0x00, 
    0x00, 0x00, 0x00, 0x00, 0x00, 0x00, 0x00, 0x00, 0x00, 0x00, 0x00, 0x00, 
    0x00, 0x00, 0x00, 0x00, 0x00, 0x00, 0x00, 0x00, 0x00, 0x00, 0x00, 0x00, 
    0x00, 0x00, 0x00, 0x00, 0x00, 0x00, 0x00, 0x00, 0x10, 0x00, 0x00, 0x00, 
    0x2e, 0x90, 0xbe, 0x3c, 0x03, 0xad, 0xea, 0x3d, 0xcf, 0x46, 0xbb, 0x3c, 
    0x62, 0x3b, 0x2d, 0x3d, 0x8f, 0xd2, 0x34, 0x3d, 0xb0, 0x4d, 0x0e, 0x3d, 
    0x84, 0x61, 0x64, 0x3c, 0x5d, 0x4c, 0x55, 0x3d, 0x45, 0x28, 0xf2, 0x3c, 
    0x1f, 0xc5, 0x8b, 0x3c, 0xd1, 0x3c, 0x06, 0x3d, 0x65, 0x44, 0x7c, 0x3d, 
    0x39, 0xaa, 0x10, 0x3d, 0xa6, 0x2f, 0xd0, 0x3c, 0xb7, 0xf2, 0x0c, 0x3d, 
    0x1c, 0xf6, 0x15, 0x3d, 0x8e, 0x00, 0x00, 0x00, 0x73, 0x65, 0x71, 0x75, 
    0x65, 0x6e, 0x74, 0x69, 0x61, 0x6c, 0x2f, 0x63, 0x6f, 0x6e, 0x76, 0x31, 
    0x64, 0x2f, 0x52, 0x65, 0x6c, 0x75, 0x3b, 0x73, 0x65, 0x71, 0x75, 0x65, 
    0x6e, 0x74, 0x69, 0x61, 0x6c, 0x2f, 0x63, 0x6f, 0x6e, 0x76, 0x31, 0x64, 
    0x2f, 0x42, 0x69, 0x61, 0x73, 0x41, 0x64, 0x64, 0x3b, 0x73, 0x65, 0x71, 
    0x75, 0x65, 0x6e, 0x74, 0x69, 0x61, 0x6c, 0x2f, 0x63, 0x6f, 0x6e, 0x76, 
    0x31, 0x64, 0x2f, 0x63, 0x6f, 0x6e, 0x76, 0x6f, 0x6c, 0x75, 0x74, 0x69, 
    0x6f, 0x6e, 0x2f, 0x53, 0x71, 0x75, 0x65, 0x65, 0x7a, 0x65, 0x3b, 0x73, 
    0x65, 0x71, 0x75, 0x65, 0x6e, 0x74, 0x69, 0x61, 0x6c, 0x2f, 0x63, 0x6f, 
    0x6e, 0x76, 0x31, 0x64, 0x2f, 0x53, 0x71, 0x75, 0x65, 0x65, 0x7a, 0x65, 
    0x3b, 0x73, 0x65, 0x71, 0x75, 0x65, 0x6e, 0x74, 0x69, 0x61, 0x6c, 0x2f, 
    0x63, 0x6f, 0x6e, 0x76, 0x31, 0x64, 0x2f, 0x63, 0x6f, 0x6e, 0x76, 0x6f, 
    0x6c, 0x75, 0x74, 0x69, 0x6f, 0x6e, 0x00, 0x00, 0x01, 0x00, 0x00, 0x00, 
    0x10, 0x00, 0x00, 0x00, 0x92, 0xef, 0xff, 0xff, 0x00, 0x00, 0x00, 0x01, 
    0x14, 0x00, 0x00, 0x00, 0x30, 0x00, 0x00, 0x00, 0x18, 0x00, 0x00, 0x00, 
    0x00, 0x00, 0x00, 0x09, 0x58, 0x00, 0x00, 0x00, 0x14, 0xef, 0xff, 0xff, 
    0x08, 0x00, 0x00, 0x00, 0x10, 0x00, 0x00, 0x00, 0x01, 0x00, 0x00, 0x00, 
    0x80, 0xff, 0xff, 0xff, 0xff, 0xff, 0xff, 0xff, 0x01, 0x00, 0x00, 0x00, 
    0x72, 0x6b, 0x96, 0x3a, 0x2c, 0x00, 0x00, 0x00, 0x73, 0x65, 0x71, 0x75, 
    0x65, 0x6e, 0x74, 0x69, 0x61, 0x6c, 0x2f, 0x62, 0x61, 0x74, 0x63, 0x68, 
    0x5f, 0x6e, 0x6f, 0x72, 0x6d, 0x61, 0x6c, 0x69, 0x7a, 0x61, 0x74, 0x69, 
    0x6f, 0x6e, 0x2f, 0x62, 0x61, 0x74, 0x63, 0x68, 0x6e, 0x6f, 0x72, 0x6d, 
    0x2f, 0x6d, 0x75, 0x6c, 0x00, 0x00, 0x00, 0x00, 0x01, 0x00, 0x00, 0x00, 
    0x10, 0x00, 0x00, 0x00, 0x0a, 0xf0, 0xff, 0xff, 0x00, 0x00, 0x00, 0x01, 
    0x14, 0x00, 0x00, 0x00, 0x30, 0x00, 0x00, 0x00, 0x17, 0x00, 0x00, 0x00, 
    0x00, 0x00, 0x00, 0x09, 0x58, 0x00, 0x00, 0x00, 0x8c, 0xef, 0xff, 0xff, 
    0x08, 0x00, 0x00, 0x00, 0x10, 0x00, 0x00, 0x00, 0x01, 0x00, 0x00, 0x00, 
    0x7f, 0x00, 0x00, 0x00, 0x00, 0x00, 0x00, 0x00, 0x01, 0x00, 0x00, 0x00, 
    0x01, 0x09, 0x2b, 0x3c, 0x2c, 0x00, 0x00, 0x00, 0x73, 0x65, 0x71, 0x75, 
    0x65, 0x6e, 0x74, 0x69, 0x61, 0x6c, 0x2f, 0x62, 0x61, 0x74, 0x63, 0x68, 
    0x5f, 0x6e, 0x6f, 0x72, 0x6d, 0x61, 0x6c, 0x69, 0x7a, 0x61, 0x74, 0x69, 
    0x6f, 0x6e, 0x2f, 0x62, 0x61, 0x74, 0x63, 0x68, 0x6e, 0x6f, 0x72, 0x6d, 
    0x2f, 0x73, 0x75, 0x62, 0x00, 0x00, 0x00, 0x00, 0x01, 0x00, 0x00, 0x00, 
    0x10, 0x00, 0x00, 0x00, 0x82, 0xf0, 0xff, 0xff, 0x00, 0x00, 0x00, 0x01, 
    0x14, 0x00, 0x00, 0x00, 0xa4, 0x01, 0x00, 0x00, 0x16, 0x00, 0x00, 0x00, 
    0x00, 0x00, 0x00, 0x09, 0xbc, 0x01, 0x00, 0x00, 0x04, 0xf0, 0xff, 0xff, 
    0x08, 0x00, 0x00, 0x00, 0x08, 0x01, 0x00, 0x00, 0x20, 0x00, 0x00, 0x00, 
    0x00, 0x00, 0x00, 0x00, 0x00, 0x00, 0x00, 0x00, 0x00, 0x00, 0x00, 0x00, 
    0x00, 0x00, 0x00, 0x00, 0x00, 0x00, 0x00, 0x00, 0x00, 0x00, 0x00, 0x00, 
    0x00, 0x00, 0x00, 0x00, 0x00, 0x00, 0x00, 0x00, 0x00, 0x00, 0x00, 0x00, 
    0x00, 0x00, 0x00, 0x00, 0x00, 0x00, 0x00, 0x00, 0x00, 0x00, 0x00, 0x00, 
    0x00, 0x00, 0x00, 0x00, 0x00, 0x00, 0x00, 0x00, 0x00, 0x00, 0x00, 0x00, 
    0x00, 0x00, 0x00, 0x00, 0x00, 0x00, 0x00, 0x00, 0x00, 0x00, 0x00, 0x00, 
    0x00, 0x00, 0x00, 0x00, 0x00, 0x00, 0x00, 0x00, 0x00, 0x00, 0x00, 0x00, 
    0x00, 0x00, 0x00, 0x00, 0x00, 0x00, 0x00, 0x00, 0x00, 0x00, 0x00, 0x00, 
    0x00, 0x00, 0x00, 0x00, 0x00, 0x00, 0x00, 0x00, 0x00, 0x00, 0x00, 0x00, 
    0x00, 0x00, 0x00, 0x00, 0x00, 0x00, 0x00, 0x00, 0x00, 0x00, 0x00, 0x00, 
    0x00, 0x00, 0x00, 0x00, 0x00, 0x00, 0x00, 0x00, 0x00, 0x00, 0x00, 0x00, 
    0x00, 0x00, 0x00, 0x00, 0x00, 0x00, 0x00, 0x00, 0x00, 0x00, 0x00, 0x00, 
    0x00, 0x00, 0x00, 0x00, 0x00, 0x00, 0x00, 0x00, 0x00, 0x00, 0x00, 0x00, 
    0x00, 0x00, 0x00, 0x00, 0x00, 0x00, 0x00, 0x00, 0x00, 0x00, 0x00, 0x00, 
    0x00, 0x00, 0x00, 0x00, 0x00, 0x00, 0x00, 0x00, 0x00, 0x00, 0x00, 0x00, 
    0x00, 0x00, 0x00, 0x00, 0x00, 0x00, 0x00, 0x00, 0x00, 0x00, 0x00, 0x00, 
    0x00, 0x00, 0x00, 0x00, 0x00, 0x00, 0x00, 0x00, 0x00, 0x00, 0x00, 0x00, 
    0x00, 0x00, 0x00, 0x00, 0x00, 0x00, 0x00, 0x00, 0x00, 0x00, 0x00, 0x00, 
    0x00, 0x00, 0x00, 0x00, 0x00, 0x00, 0x00, 0x00, 0x00, 0x00, 0x00, 0x00, 
    0x00, 0x00, 0x00, 0x00, 0x00, 0x00, 0x00, 0x00, 0x00, 0x00, 0x00, 0x00, 
    0x00, 0x00, 0x00, 0x00, 0x00, 0x00, 0x00, 0x00, 0x00, 0x00, 0x00, 0x00, 
    0x00, 0x00, 0x00, 0x00, 0x20, 0x00, 0x00, 0x00, 0x84, 0x4b, 0x53, 0x3b, 
    0xc7, 0x76, 0x92, 0x3b, 0x80, 0x71, 0x64, 0x3b, 0x8d, 0x71, 0x49, 0x3b, 
    0x74, 0x77, 0x66, 0x3b, 0xdb, 0x23, 0x57, 0x3b, 0x62, 0x86, 0x60, 0x3b, 
    0x5e, 0x6a, 0xb1, 0x3b, 0xaa, 0xaa, 0x8a, 0x3b, 0xf6, 0x7b, 0xa0, 0x3b, 
    0x7e, 0xfc, 0x45, 0x3b, 0x2e, 0x29, 0xa4, 0x3b, 0xd4, 0x30, 0xb1, 0x3b, 
    0x0c, 0x59, 0xa6, 0x3b, 0xf0, 0x5d, 0x57, 0x3b, 0x1d, 0xca, 0x99, 0x3b, 
    0x26, 0x1a, 0xf8, 0x3b, 0xe6, 0x5b, 0x87, 0x3b, 0x93, 0xee, 0x84, 0x3b, 
    0xd7, 0xd6, 0x23, 0x3b, 0xc7, 0xf1, 0x9d, 0x3b, 0x28, 0x43, 0x8f, 0x3b, 
    0x97, 0x14, 0x86, 0x3b, 0x49, 0x4e, 0x6f, 0x3b, 0x37, 0x61, 0xad, 0x3b, 
    0xa9, 0x71, 0x87, 0x3b, 0x34, 0x94, 0x4e, 0x3b, 0x0a, 0x8e, 0xae, 0x3b, 
    0xfe, 0x9e, 0x7d, 0x3b, 0x49, 0x23, 0x4a, 0x3b, 0x32, 0xef, 0xd6, 0x3b, 
    0x01, 0x5e, 0xc6, 0x3b, 0x1f, 0x00, 0x00, 0x00, 0x73, 0x65, 0x71, 0x75, 
    0x65, 0x6e, 0x74, 0x69, 0x61, 0x6c, 0x2f, 0x63, 0x6f, 0x6e, 0x76, 0x31, 
    0x64, 0x5f, 0x31, 0x2f, 0x63, 0x6f, 0x6e, 0x76, 0x6f, 0x6c, 0x75, 0x74, 
    0x69, 0x6f, 0x6e, 0x00, 0x04, 0x00, 0x00, 0x00, 0x20, 0x00, 0x00, 0x00, 
    0x01, 0x00, 0x00, 0x00, 0x03, 0x00, 0x00, 0x00, 0x10, 0x00, 0x00, 0x00, 
    0x6a, 0xf2, 0xff, 0xff, 0x00, 0x00, 0x00, 0x01, 0x14, 0x00, 0x00, 0x00, 
    0xa4, 0x01, 0x00, 0x00, 0x15, 0x00, 0x00, 0x00, 0x00, 0x00, 0x00, 0x02, 
    0x38, 0x02, 0x00, 0x00, 0xec, 0xf1, 0xff, 0xff, 0x08, 0x00, 0x00, 0x00, 
    0x08, 0x01, 0x00, 0x00, 0x20, 0x00, 0x00, 0x00, 0x00, 0x00, 0x00, 0x00, 
    0x00, 0x00, 0x00, 0x00, 0x00, 0x00, 0x00, 0x00, 0x00, 0x00, 0x00, 0x00, 
    0x00, 0x00, 0x00, 0x00, 0x00, 0x00, 0x00, 0x00, 0x00, 0x00, 0x00, 0x00, 
    0x00, 0x00, 0x00, 0x00, 0x00, 0x00, 0x00, 0x00, 0x00, 0x00, 0x00, 0x00, 
    0x00, 0x00, 0x00, 0x00, 0x00, 0x00, 0x00, 0x00, 0x00, 0x00, 0x00, 0x00, 
    0x00, 0x00, 0x00, 0x00, 0x00, 0x00, 0x00, 0x00, 0x00, 0x00, 0x00, 0x00, 
    0x00, 0x00, 0x00, 0x00, 0x00, 0x00, 0x00, 0x00, 0x00, 0x00, 0x00, 0x00, 
    0x00, 0x00, 0x00, 0x00, 0x00, 0x00, 0x00, 0x00, 0x00, 0x00, 0x00, 0x00, 
    0x00, 0x00, 0x00, 0x00, 0x00, 0x00, 0x00, 0x00, 0x00, 0x00, 0x00, 0x00, 
    0x00, 0x00, 0x00, 0x00, 0x00, 0x00, 0x00, 0x00, 0x00, 0x00, 0x00, 0x00, 
    0x00, 0x00, 0x00, 0x00, 0x00, 0x00, 0x00, 0x00, 0x00, 0x00, 0x00, 0x00, 
    0x00, 0x00, 0x00, 0x00, 0x00, 0x00, 0x00, 0x00, 0x00, 0x00, 0x00, 0x00, 
    0x00, 0x00, 0x00, 0x00, 0x00, 0x00, 0x00, 0x00, 0x00, 0x00, 0x00, 0x00, 
    0x00, 0x00, 0x00, 0x00, 0x00, 0x00, 0x00, 0x00, 0x00, 0x00, 0x00, 0x00, 
    0x00, 0x00, 0x00, 0x00, 0x00, 0x00, 0x00, 0x00, 0x00, 0x00, 0x00, 0x00, 
    0x00, 0x00, 0x00, 0x00, 0x00, 0x00, 0x00, 0x00, 0x00, 0x00, 0x00, 0x00, 
    0x00, 0x00, 0x00, 0x00, 0x00, 0x00, 0x00, 0x00, 0x00, 0x00, 0x00, 0x00, 
    0x00, 0x00, 0x00, 0x00, 0x00, 0x00, 0x00, 0x00, 0x00, 0x00, 0x00, 0x00, 
    0x00, 0x00, 0x00, 0x00, 0x00, 0x00, 0x00, 0x00, 0x00, 0x00, 0x00, 0x00, 
    0x00, 0x00, 0x00, 0x00, 0x00, 0x00, 0x00, 0x00, 0x00, 0x00, 0x00, 0x00, 
    0x00, 0x00, 0x00, 0x00, 0x00, 0x00, 0x00, 0x00, 0x00, 0x00, 0x00, 0x00, 
    0x00, 0x00, 0x00, 0x00, 0x00, 0x00, 0x00, 0x00, 0x00, 0x00, 0x00, 0x00, 
    0x20, 0x00, 0x00, 0x00, 0xba, 0x48, 0xbc, 0x39, 0x71, 0x83, 0x02, 0x3a, 
    0xa0, 0x90, 0xcb, 0x39, 0x6a, 0x81, 0xb3, 0x39, 0x2b, 0x5e, 0xcd, 0x39, 
    0xde, 0xb5, 0xbf, 0x39, 0xc0, 0x12, 0xc8, 0x39, 0x1f, 0x18, 0x1e, 0x3a, 
    0x6d, 0x21, 0xf7, 0x39, 0xc0, 0x01, 0x0f, 0x3a, 0xbe, 0x6c, 0xb0, 0x39, 
    0x77, 0x48, 0x12, 0x3a, 0xd9, 0xe4, 0x1d, 0x3a, 0x5c, 0x3b, 0x14, 0x3a, 
    0xa0, 0xe9, 0xbf, 0x39, 0x8c, 0x0a, 0x09, 0x3a, 0x32, 0x15, 0x5d, 0x3a, 
    0x54, 0x3c, 0xf1, 0x39, 0x02, 0xe9, 0xec, 0x39, 0x17, 0xff, 0x91, 0x39, 
    0x5f, 0xbe, 0x0c, 0x3a, 0x29, 0x52, 0xff, 0x39, 0x00, 0xf5, 0xee, 0x39, 
    0x92, 0x3e, 0xd5, 0x39, 0x7b, 0x7f, 0x1a, 0x3a, 0x1c, 0x63, 0xf1, 0x39, 
    0xe5, 0x14, 0xb8, 0x39, 0x8c, 0x8b, 0x1b, 0x3a, 0x2d, 0x00, 0xe2, 0x39, 
    0xcb, 0x1f, 0xb4, 0x39, 0xf1, 0x86, 0x3f, 0x3a, 0xa2, 0xc3, 0x30, 0x3a, 
    0x98, 0x00, 0x00, 0x00, 0x73, 0x65, 0x71, 0x75, 0x65, 0x6e, 0x74, 0x69, 
    0x61, 0x6c, 0x2f, 0x63, 0x6f, 0x6e, 0x76, 0x31, 0x64, 0x5f, 0x31, 0x2f, 
    0x52, 0x65, 0x6c, 0x75, 0x3b, 0x73, 0x65, 0x71, 0x75, 0x65, 0x6e, 0x74, 
    0x69, 0x61, 0x6c, 0x2f, 0x63, 0x6f, 0x6e, 0x76, 0x31, 0x64, 0x5f, 0x31, 
    0x2f, 0x42, 0x69, 0x61, 0x73, 0x41, 0x64, 0x64, 0x3b, 0x73, 0x65, 0x71, 
    0x75, 0x65, 0x6e, 0x74, 0x69, 0x61, 0x6c, 0x2f, 0x63, 0x6f, 0x6e, 0x76, 
    0x31, 0x64, 0x5f, 0x31, 0x2f, 0x63, 0x6f, 0x6e, 0x76, 0x6f, 0x6c, 0x75, 
    0x74, 0x69, 0x6f, 0x6e, 0x2f, 0x53, 0x71, 0x75, 0x65, 0x65, 0x7a, 0x65, 
    0x3b, 0x73, 0x65, 0x71, 0x75, 0x65, 0x6e, 0x74, 0x69, 0x61, 0x6c, 0x2f, 
    0x63, 0x6f, 0x6e, 0x76, 0x31, 0x64, 0x5f, 0x31, 0x2f, 0x53, 0x71, 0x75, 
    0x65, 0x65, 0x7a, 0x65, 0x3b, 0x73, 0x65, 0x71, 0x75, 0x65, 0x6e, 0x74, 
    0x69, 0x61, 0x6c, 0x2f, 0x63, 0x6f, 0x6e, 0x76, 0x31, 0x64, 0x5f, 0x31, 
    0x2f, 0x63, 0x6f, 0x6e, 0x76, 0x6f, 0x6c, 0x75, 0x74, 0x69, 0x6f, 0x6e, 
    0x00, 0x00, 0x00, 0x00, 0x01, 0x00, 0x00, 0x00, 0x20, 0x00, 0x00, 0x00, 
    0xc2, 0xf4, 0xff, 0xff, 0x00, 0x00, 0x00, 0x01, 0x14, 0x00, 0x00, 0x00, 
    0x30, 0x00, 0x00, 0x00, 0x14, 0x00, 0x00, 0x00, 0x00, 0x00, 0x00, 0x09, 
    0x58, 0x00, 0x00, 0x00, 0x44, 0xf4, 0xff, 0xff, 0x08, 0x00, 0x00, 0x00, 
    0x10, 0x00, 0x00, 0x00, 0x01, 0x00, 0x00, 0x00, 0x80, 0xff, 0xff, 0xff, 
    0xff, 0xff, 0xff, 0xff, 0x01, 0x00, 0x00, 0x00, 0x8f, 0x57, 0xa8, 0x3c, 
    0x2e, 0x00, 0x00, 0x00, 0x73, 0x65, 0x71, 0x75, 0x65, 0x6e, 0x74, 0x69, 
    0x61, 0x6c, 0x2f, 0x62, 0x61, 0x74, 0x63, 0x68, 0x5f, 0x6e, 0x6f, 0x72, 
    0x6d, 0x61, 0x6c, 0x69, 0x7a, 0x61, 0x74, 0x69, 0x6f, 0x6e, 0x5f, 0x31, 
    0x2f, 0x62, 0x61, 0x74, 0x63, 0x68, 0x6e, 0x6f, 0x72, 0x6d, 0x2f, 0x6d, 
    0x75, 0x6c, 0x00, 0x00, 0x01, 0x00, 0x00, 0x00, 0x20, 0x00, 0x00, 0x00, 
    0x3a, 0xf5, 0xff, 0xff, 0x00, 0x00, 0x00, 0x01, 0x14, 0x00, 0x00, 0x00, 
    0x30, 0x00, 0x00, 0x00, 0x13, 0x00, 0x00, 0x00, 0x00, 0x00, 0x00, 0x09, 
    0x58, 0x00, 0x00, 0x00, 0xbc, 0xf4, 0xff, 0xff, 0x08, 0x00, 0x00, 0x00, 
    0x10, 0x00, 0x00, 0x00, 0x01, 0x00, 0x00, 0x00, 0x53, 0x00, 0x00, 0x00, 
    0x00, 0x00, 0x00, 0x00, 0x01, 0x00, 0x00, 0x00, 0x03, 0x21, 0x11, 0x3c, 
    0x2e, 0x00, 0x00, 0x00, 0x73, 0x65, 0x71, 0x75, 0x65, 0x6e, 0x74, 0x69, 
    0x61, 0x6c, 0x2f, 0x62, 0x61, 0x74, 0x63, 0x68, 0x5f, 0x6e, 0x6f, 0x72, 
    0x6d, 0x61, 0x6c, 0x69, 0x7a, 0x61, 0x74, 0x69, 0x6f, 0x6e, 0x5f, 0x31, 
    0x2f, 0x62, 0x61, 0x74, 0x63, 0x68, 0x6e, 0x6f, 0x72, 0x6d, 0x2f, 0x73, 
    0x75, 0x62, 0x00, 0x00, 0x01, 0x00, 0x00, 0x00, 0x20, 0x00, 0x00, 0x00, 
    0xb2, 0xf5, 0xff, 0xff, 0x00, 0x00, 0x00, 0x01, 0x14, 0x00, 0x00, 0x00, 
    0xa4, 0x01, 0x00, 0x00, 0x12, 0x00, 0x00, 0x00, 0x00, 0x00, 0x00, 0x09, 
    0xbc, 0x01, 0x00, 0x00, 0x34, 0xf5, 0xff, 0xff, 0x08, 0x00, 0x00, 0x00, 
    0x08, 0x01, 0x00, 0x00, 0x20, 0x00, 0x00, 0x00, 0x00, 0x00, 0x00, 0x00, 
    0x00, 0x00, 0x00, 0x00, 0x00, 0x00, 0x00, 0x00, 0x00, 0x00, 0x00, 0x00, 
    0x00, 0x00, 0x00, 0x00, 0x00, 0x00, 0x00, 0x00, 0x00, 0x00, 0x00, 0x00, 
    0x00, 0x00, 0x00, 0x00, 0x00, 0x00, 0x00, 0x00, 0x00, 0x00, 0x00, 0x00, 
    0x00, 0x00, 0x00, 0x00, 0x00, 0x00, 0x00, 0x00, 0x00, 0x00, 0x00, 0x00, 
    0x00, 0x00, 0x00, 0x00, 0x00, 0x00, 0x00, 0x00, 0x00, 0x00, 0x00, 0x00, 
    0x00, 0x00, 0x00, 0x00, 0x00, 0x00, 0x00, 0x00, 0x00, 0x00, 0x00, 0x00, 
    0x00, 0x00, 0x00, 0x00, 0x00, 0x00, 0x00, 0x00, 0x00, 0x00, 0x00, 0x00, 
    0x00, 0x00, 0x00, 0x00, 0x00, 0x00, 0x00, 0x00, 0x00, 0x00, 0x00, 0x00, 
    0x00, 0x00, 0x00, 0x00, 0x00, 0x00, 0x00, 0x00, 0x00, 0x00, 0x00, 0x00, 
    0x00, 0x00, 0x00, 0x00, 0x00, 0x00, 0x00, 0x00, 0x00, 0x00, 0x00, 0x00, 
    0x00, 0x00, 0x00, 0x00, 0x00, 0x00, 0x00, 0x00, 0x00, 0x00, 0x00, 0x00, 
    0x00, 0x00, 0x00, 0x00, 0x00, 0x00, 0x00, 0x00, 0x00, 0x00, 0x00, 0x00, 
    0x00, 0x00, 0x00, 0x00, 0x00, 0x00, 0x00, 0x00, 0x00, 0x00, 0x00, 0x00, 
    0x00, 0x00, 0x00, 0x00, 0x00, 0x00, 0x00, 0x00, 0x00, 0x00, 0x00, 0x00, 
    0x00, 0x00, 0x00, 0x00, 0x00, 0x00, 0x00, 0x00, 0x00, 0x00, 0x00, 0x00, 
    0x00, 0x00, 0x00, 0x00, 0x00, 0x00, 0x00, 0x00, 0x00, 0x00, 0x00, 0x00, 
    0x00, 0x00, 0x00, 0x00, 0x00, 0x00, 0x00, 0x00, 0x00, 0x00, 0x00, 0x00, 
    0x00, 0x00, 0x00, 0x00, 0x00, 0x00, 0x00, 0x00, 0x00, 0x00, 0x00, 0x00, 
    0x00, 0x00, 0x00, 0x00, 0x00, 0x00, 0x00, 0x00, 0x00, 0x00, 0x00, 0x00, 
    0x00, 0x00, 0x00, 0x00, 0x00, 0x00, 0x00, 0x00, 0x00, 0x00, 0x00, 0x00, 
    0x00, 0x00, 0x00, 0x00, 0x00, 0x00, 0x00, 0x00, 0x00, 0x00, 0x00, 0x00, 
    0x20, 0x00, 0x00, 0x00, 0x29, 0x14, 0x8b, 0x3b, 0x98, 0xec, 0xa9, 0x3b, 
    0x32, 0xa1, 0xa3, 0x3b, 0xcc, 0xd3, 0xe5, 0x3b, 0xfc, 0xcc, 0x9f, 0x3b, 
    0x6b, 0x91, 0x80, 0x3b, 0x0d, 0xb0, 0xb6, 0x3b, 0x49, 0xe4, 0x8e, 0x3b, 
    0x45, 0xae, 0x8d, 0x3b, 0x12, 0x52, 0xcb, 0x3b, 0x45, 0x15, 0xea, 0x3b, 
    0x33, 0xc1, 0x87, 0x3b, 0xd3, 0x73, 0xad, 0x3b, 0xf6, 0x3b, 0x9f, 0x3b, 
    0xa7, 0x90, 0x88, 0x3b, 0xeb, 0x6d, 0xb3, 0x3b, 0xa3, 0x4c, 0xe1, 0x3b, 
    0x10, 0x37, 0x8a, 0x3b, 0x1c, 0xc1, 0x99, 0x3b, 0x93, 0x7e, 0xbc, 0x3b, 
    0x1d, 0x7b, 0xb9, 0x3b, 0xaf, 0x99, 0x99, 0x3b, 0x09, 0x2f, 0xaa, 0x3b, 
    0x01, 0x39, 0x82, 0x3b, 0x10, 0xee, 0x78, 0x3b, 0x42, 0x95, 0x9c, 0x3b, 
    0x95, 0x89, 0x84, 0x3b, 0x24, 0x24, 0x9f, 0x3b, 0xff, 0x9b, 0xea, 0x3b, 
    0xe0, 0xc9, 0xaf, 0x3b, 0x18, 0x31, 0xa6, 0x3b, 0x52, 0x99, 0x93, 0x3b, 
    0x1f, 0x00, 0x00, 0x00, 0x73, 0x65, 0x71, 0x75, 0x65, 0x6e, 0x74, 0x69, 
    0x61, 0x6c, 0x2f, 0x63, 0x6f, 0x6e, 0x76, 0x31, 0x64, 0x5f, 0x32, 0x2f, 
    0x63, 0x6f, 0x6e, 0x76, 0x6f, 0x6c, 0x75, 0x74, 0x69, 0x6f, 0x6e, 0x00, 
    0x04, 0x00, 0x00, 0x00, 0x20, 0x00, 0x00, 0x00, 0x01, 0x00, 0x00, 0x00, 
    0x03, 0x00, 0x00, 0x00, 0x20, 0x00, 0x00, 0x00, 0x9a, 0xf7, 0xff, 0xff, 
    0x00, 0x00, 0x00, 0x01, 0x14, 0x00, 0x00, 0x00, 0xa8, 0x01, 0x00, 0x00, 
    0x11, 0x00, 0x00, 0x00, 0x00, 0x00, 0x00, 0x02, 0xb0, 0x01, 0x00, 0x00, 
    0x1c, 0xf7, 0xff, 0xff, 0x08, 0x00, 0x00, 0x00, 0x0c, 0x01, 0x00, 0x00, 
    0x20, 0x00, 0x00, 0x00, 0x00, 0x00, 0x00, 0x00, 0x00, 0x00, 0x00, 0x00, 
    0x00, 0x00, 0x00, 0x00, 0x00, 0x00, 0x00, 0x00, 0x00, 0x00, 0x00, 0x00, 
    0x00, 0x00, 0x00, 0x00, 0x00, 0x00, 0x00, 0x00, 0x00, 0x00, 0x00, 0x00, 
    0x00, 0x00, 0x00, 0x00, 0x00, 0x00, 0x00, 0x00, 0x00, 0x00, 0x00, 0x00, 
    0x00, 0x00, 0x00, 0x00, 0x00, 0x00, 0x00, 0x00, 0x00, 0x00, 0x00, 0x00, 
    0x00, 0x00, 0x00, 0x00, 0x00, 0x00, 0x00, 0x00, 0x00, 0x00, 0x00, 0x00, 
    0x00, 0x00, 0x00, 0x00, 0x00, 0x00, 0x00, 0x00, 0x00, 0x00, 0x00, 0x00, 
    0x00, 0x00, 0x00, 0x00, 0x00, 0x00, 0x00, 0x00, 0x00, 0x00, 0x00, 0x00, 
    0x00, 0x00, 0x00, 0x00, 0x00, 0x00, 0x00, 0x00, 0x00, 0x00, 0x00, 0x00, 
    0x00, 0x00, 0x00, 0x00, 0x00, 0x00, 0x00, 0x00, 0x00, 0x00, 0x00, 0x00, 
    0x00, 0x00, 0x00, 0x00, 0x00, 0x00, 0x00, 0x00, 0x00, 0x00, 0x00, 0x00, 
    0x00, 0x00, 0x00, 0x00, 0x00, 0x00, 0x00, 0x00, 0x00, 0x00, 0x00, 0x00, 
    0x00, 0x00, 0x00, 0x00, 0x00, 0x00, 0x00, 0x00, 0x00, 0x00, 0x00, 0x00, 
    0x00, 0x00, 0x00, 0x00, 0x00, 0x00, 0x00, 0x00, 0x00, 0x00, 0x00, 0x00, 
    0x00, 0x00, 0x00, 0x00, 0x00, 0x00, 0x00, 0x00, 0x00, 0x00, 0x00, 0x00, 
    0x00, 0x00, 0x00, 0x00, 0x00, 0x00, 0x00, 0x00, 0x00, 0x00, 0x00, 0x00, 
    0x00, 0x00, 0x00, 0x00, 0x00, 0x00, 0x00, 0x00, 0x00, 0x00, 0x00, 0x00, 
    0x00, 0x00, 0x00, 0x00, 0x00, 0x00, 0x00, 0x00, 0x00, 0x00, 0x00, 0x00, 
    0x00, 0x00, 0x00, 0x00, 0x00, 0x00, 0x00, 0x00, 0x00, 0x00, 0x00, 0x00, 
    0x00, 0x00, 0x00, 0x00, 0x00, 0x00, 0x00, 0x00, 0x00, 0x00, 0x00, 0x00, 
    0x00, 0x00, 0x00, 0x00, 0x00, 0x00, 0x00, 0x00, 0x00, 0x00, 0x00, 0x00, 
    0x00, 0x00, 0x00, 0x00, 0x00, 0x00, 0x00, 0x00, 0x00, 0x00, 0x00, 0x00, 
    0x20, 0x00, 0x00, 0x00, 0xfa, 0x75, 0x0c, 0x3a, 0xe2, 0x9c, 0x2b, 0x3a, 
    0x78, 0x41, 0x25, 0x3a, 0x7b, 0x1c, 0x68, 0x3a, 0x85, 0x63, 0x21, 0x3a, 
    0x7f, 0xd8, 0x01, 0x3a, 0xcf, 0x80, 0x38, 0x3a, 0xcd, 0x4f, 0x10, 0x3a, 
    0xb5, 0x16, 0x0f, 0x3a, 0x52, 0x57, 0x4d, 0x3a, 0xc7, 0x68, 0x6c, 0x3a, 
    0x8f, 0x1a, 0x09, 0x3a, 0x17, 0x2d, 0x2f, 0x3a, 0x0e, 0xd1, 0x20, 0x3a, 
    0x13, 0xec, 0x09, 0x3a, 0x63, 0x36, 0x35, 0x3a, 0xcd, 0x89, 0x63, 0x3a, 
    0xaf, 0x96, 0x0b, 0x3a, 0x43, 0x48, 0x1b, 0x3a, 0x1b, 0x5e, 0x3e, 0x3a, 
    0xfa, 0x52, 0x3b, 0x3a, 0x72, 0x20, 0x1b, 0x3a, 0xfc, 0xdf, 0x2b, 0x3a, 
    0x4b, 0x84, 0x03, 0x3a, 0x58, 0x67, 0xfb, 0x39, 0x9b, 0x23, 0x1e, 0x3a, 
    0xc2, 0xda, 0x05, 0x3a, 0xff, 0xb8, 0x20, 0x3a, 0xd8, 0xf0, 0x6c, 0x3a, 
    0x15, 0x89, 0x31, 0x3a, 0xe3, 0xd7, 0x27, 0x3a, 0xd0, 0x10, 0x15, 0x3a, 
    0x0e, 0x00, 0x00, 0x00, 0x61, 0x72, 0x69, 0x74, 0x68, 0x2e, 0x63, 0x6f, 
    0x6e, 0x73, 0x74, 0x61, 0x6e, 0x74, 0x00, 0x00, 0x01, 0x00, 0x00, 0x00, 
    0x20, 0x00, 0x00, 0x00, 0x6a, 0xf9, 0xff, 0xff, 0x00, 0x00, 0x00, 0x01, 
    0x14, 0x00, 0x00, 0x00, 0x34, 0x00, 0x00, 0x00, 0x10, 0x00, 0x00, 0x00, 
    0x00, 0x00, 0x00, 0x09, 0x48, 0x00, 0x00, 0x00, 0xec, 0xf8, 0xff, 0xff, 
    0x08, 0x00, 0x00, 0x00, 0x14, 0x00, 0x00, 0x00, 0x01, 0x00, 0x00, 0x00, 
    0x74, 0x00, 0x00, 0x00, 0x00, 0x00, 0x00, 0x00, 0x00, 0x00, 0x00, 0x00, 
    0x01, 0x00, 0x00, 0x00, 0xc4, 0x5f, 0x1b, 0x3b, 0x1b, 0x00, 0x00, 0x00, 
    0x73, 0x65, 0x71, 0x75, 0x65, 0x6e, 0x74, 0x69, 0x61, 0x6c, 0x2f, 0x63, 
    0x6f, 0x6e, 0x76, 0x31, 0x64, 0x5f, 0x32, 0x2f, 0x53, 0x71, 0x75, 0x65, 
    0x65, 0x7a, 0x65, 0x00, 0x01, 0x00, 0x00, 0x00, 0x20, 0x00, 0x00, 0x00, 
    0xd2, 0xf9, 0xff, 0xff, 0x00, 0x00, 0x00, 0x01, 0x14, 0x00, 0x00, 0x00, 
    0xe4, 0x00, 0x00, 0x00, 0x0f, 0x00, 0x00, 0x00, 0x00, 0x00, 0x00, 0x09, 
    0xf4, 0x00, 0x00, 0x00, 0x54, 0xf9, 0xff, 0xff, 0x08, 0x00, 0x00, 0x00, 
    0x88, 0x00, 0x00, 0x00, 0x10, 0x00, 0x00, 0x00, 0x00, 0x00, 0x00, 0x00, 
    0x00, 0x00, 0x00, 0x00, 0x00, 0x00, 0x00, 0x00, 0x00, 0x00, 0x00, 0x00, 
    0x00, 0x00, 0x00, 0x00, 0x00, 0x00, 0x00, 0x00, 0x00, 0x00, 0x00, 0x00, 
    0x00, 0x00, 0x00, 0x00, 0x00, 0x00, 0x00, 0x00, 0x00, 0x00, 0x00, 0x00, 
    0x00, 0x00, 0x00, 0x00, 0x00, 0x00, 0x00, 0x00, 0x00, 0x00, 0x00, 0x00, 
    0x00, 0x00, 0x00, 0x00, 0x00, 0x00, 0x00, 0x00, 0x00, 0x00, 0x00, 0x00, 
    0x00, 0x00, 0x00, 0x00, 0x00, 0x00, 0x00, 0x00, 0x00, 0x00, 0x00, 0x00, 
    0x00, 0x00, 0x00, 0x00, 0x00, 0x00, 0x00, 0x00, 0x00, 0x00, 0x00, 0x00, 
    0x00, 0x00, 0x00, 0x00, 0x00, 0x00, 0x00, 0x00, 0x00, 0x00, 0x00, 0x00, 
    0x00, 0x00, 0x00, 0x00, 0x00, 0x00, 0x00, 0x00, 0x00, 0x00, 0x00, 0x00, 
    0x00, 0x00, 0x00, 0x00, 0x00, 0x00, 0x00, 0x00, 0x00, 0x00, 0x00, 0x00, 
    0x00, 0x00, 0x00, 0x00, 0x10, 0x00, 0x00, 0x00, 0xe8, 0x44, 0x21, 0x3c, 
    0x08, 0xa9, 0xe0, 0x3b, 0x0b, 0xba, 0x8a, 0x3b, 0x95, 0xd9, 0xbb, 0x3b, 
    0xfd, 0x73, 0xb2, 0x3b, 0x81, 0xff, 0xa7, 0x3b, 0xc4, 0xa2, 0xbd, 0x3b, 
    0x1c, 0xb2, 0x23, 0x3c, 0xa5, 0x43, 0xdf, 0x3b, 0x61, 0xf0, 0xc6, 0x3b, 
    0x15, 0x6d, 0x9f, 0x3b, 0x2c, 0x3f, 0x2c, 0x3c, 0xd6, 0xe2, 0xcb, 0x3b, 
    0x7b, 0xdd, 0xdd, 0x3b, 0x37, 0x20, 0xbf, 0x3b, 0xed, 0x29, 0xb9, 0x3b, 
    0x17, 0x00, 0x00, 0x00, 0x73, 0x65, 0x71, 0x75, 0x65, 0x6e, 0x74, 0x69, 
    0x61, 0x6c, 0x2f, 0x64, 0x65, 0x6e, 0x73, 0x65, 0x2f, 0x4d, 0x61, 0x74, 
    0x4d, 0x75, 0x6c, 0x00, 0x02, 0x00, 0x00, 0x00, 0x10, 0x00, 0x00, 0x00, 
    0x20, 0x00, 0x00, 0x00, 0xea, 0xfa, 0xff, 0xff, 0x00, 0x00, 0x00, 0x01, 
    0x14, 0x00, 0x00, 0x00, 0xe8, 0x00, 0x00, 0x00, 0x0e, 0x00, 0x00, 0x00, 
    0x00, 0x00, 0x00, 0x02, 0x08, 0x01, 0x00, 0x00, 0x6c, 0xfa, 0xff, 0xff, 
    0x08, 0x00, 0x00, 0x00, 0x8c, 0x00, 0x00, 0x00, 0x10, 0x00, 0x00, 0x00, 
    0x00, 0x00, 0x00, 0x00, 0x00, 0x00, 0x00, 0x00, 0x00, 0x00, 0x00, 0x00, 
    0x00, 0x00, 0x00, 0x00, 0x00, 0x00, 0x00, 0x00, 0x00, 0x00, 0x00, 0x00, 
    0x00, 0x00, 0x00, 0x00, 0x00, 0x00, 0x00, 0x00, 0x00, 0x00, 0x00, 0x00, 
    0x00, 0x00, 0x00, 0x00, 0x00, 0x00, 0x00, 0x00, 0x00, 0x00, 0x00, 0x00, 
    0x00, 0x00, 0x00, 0x00, 0x00, 0x00, 0x00, 0x00, 0x00, 0x00, 0x00, 0x00, 
    0x00, 0x00, 0x00, 0x00, 0x00, 0x00, 0x00, 0x00, 0x00, 0x00, 0x00, 0x00, 
    0x00, 0x00, 0x00, 0x00, 0x00, 0x00, 0x00, 0x00, 0x00, 0x00, 0x00, 0x00, 
    0x00, 0x00, 0x00, 0x00, 0x00, 0x00, 0x00, 0x00, 0x00, 0x00, 0x00, 0x00, 
    0x00, 0x00, 0x00, 0x00, 0x00, 0x00, 0x00, 0x00, 0x00, 0x00, 0x00, 0x00, 
    0x00, 0x00, 0x00, 0x00, 0x00, 0x00, 0x00, 0x00, 0x00, 0x00, 0x00, 0x00, 
    0x00, 0x00, 0x00, 0x00, 0x00, 0x00, 0x00, 0x00, 0x00, 0x00, 0x00, 0x00, 
    0x10, 0x00, 0x00, 0x00, 0xb7, 0x38, 0x7b, 0x39, 0x44, 0xfc, 0x2e, 0x39, 
    0xfe, 0x1a, 0xd8, 0x38, 0x72, 0x50, 0x12, 0x39, 0xc1, 0xfe, 0x0a, 0x39, 
    0x12, 0xda, 0x02, 0x39, 0x8a, 0xb4, 0x13, 0x39, 0x69, 0x00, 0x7f, 0x39, 
    0xe6, 0xe5, 0x2d, 0x39, 0x8d, 0xf3, 0x1a, 0x39, 0xb7, 0x59, 0xf8, 0x38, 
    0x3e, 0x29, 0x86, 0x39, 0xfb, 0xcd, 0x1e, 0x39, 0xee, 0xce, 0x2c, 0x39, 
    0xa5, 0xdd, 0x14, 0x39, 0xd6, 0x38, 0x10, 0x39, 0x27, 0x00, 0x00, 0x00, 
    0x73, 0x65, 0x71, 0x75, 0x65, 0x6e, 0x74, 0x69, 0x61, 0x6c, 0x2f, 0x64, 
    0x65, 0x6e, 0x73, 0x65, 0x2f, 0x42, 0x69, 0x61, 0x73, 0x41, 0x64, 0x64, 
    0x2f, 0x52, 0x65, 0x61, 0x64, 0x56, 0x61, 0x72, 0x69, 0x61, 0x62, 0x6c, 
    0x65, 0x4f, 0x70, 0x00, 0x01, 0x00, 0x00, 0x00, 0x10, 0x00, 0x00, 0x00, 
    0x12, 0xfc, 0xff, 0xff, 0x00, 0x00, 0x00, 0x01, 0x14, 0x00, 0x00, 0x00, 
    0x40, 0x00, 0x00, 0x00, 0x0d, 0x00, 0x00, 0x00, 0x00, 0x00, 0x00, 0x09, 
    0x54, 0x00, 0x00, 0x00, 0x94, 0xfb, 0xff, 0xff, 0x08, 0x00, 0x00, 0x00, 
    0x1c, 0x00, 0x00, 0x00, 0x02, 0x00, 0x00, 0x00, 0x00, 0x00, 0x00, 0x00, 
    0x00, 0x00, 0x00, 0x00, 0x00, 0x00, 0x00, 0x00, 0x00, 0x00, 0x00, 0x00, 
    0x00, 0x00, 0x00, 0x00, 0x02, 0x00, 0x00, 0x00, 0x2d, 0x02, 0x2a, 0x3c, 
    0xd0, 0x58, 0x10, 0x3c, 0x19, 0x00, 0x00, 0x00, 0x73, 0x65, 0x71, 0x75, 
    0x65, 0x6e, 0x74, 0x69, 0x61, 0x6c, 0x2f, 0x64, 0x65, 0x6e, 0x73, 0x65, 
    0x5f, 0x31, 0x2f, 0x4d, 0x61, 0x74, 0x4d, 0x75, 0x6c, 0x00, 0x00, 0x00, 
    0x02, 0x00, 0x00, 0x00, 0x02, 0x00, 0x00, 0x00, 0x10, 0x00, 0x00, 0x00, 
    0x8a, 0xfc, 0xff, 0xff, 0x00, 0x00, 0x00, 0x01, 0x14, 0x00, 0x00, 0x00, 
    0x3c, 0x00, 0x00, 0x00, 0x0c, 0x00, 0x00, 0x00, 0x00, 0x00, 0x00, 0x02, 
    0x60, 0x00, 0x00, 0x00, 0x0c, 0xfc, 0xff, 0xff, 0x08, 0x00, 0x00, 0x00, 
    0x18, 0x00, 0x00, 0x00, 0x02, 0x00, 0x00, 0x00, 0x00, 0x00, 0x00, 0x00, 
    0x00, 0x00, 0x00, 0x00, 0x00, 0x00, 0x00, 0x00, 0x00, 0x00, 0x00, 0x00, 
    0x02, 0x00, 0x00, 0x00, 0x43, 0x7b, 0xc7, 0x39, 0x06, 0x5f, 0xa9, 0x39, 
    0x29, 0x00, 0x00, 0x00, 0x73, 0x65, 0x71, 0x75, 0x65, 0x6e, 0x74, 0x69, 
    0x61, 0x6c, 0x2f, 0x64, 0x65, 0x6e, 0x73, 0x65, 0x5f, 0x31, 0x2f, 0x42, 
    0x69, 0x61, 0x73, 0x41, 0x64, 0x64, 0x2f, 0x52, 0x65, 0x61, 0x64, 0x56, 
    0x61, 0x72, 0x69, 0x61, 0x62, 0x6c, 0x65, 0x4f, 0x70, 0x00, 0x00, 0x00, 
    0x01, 0x00, 0x00, 0x00, 0x02, 0x00, 0x00, 0x00, 0x0a, 0xfd, 0xff, 0xff, 
    0x00, 0x00, 0x00, 0x01, 0x14, 0x00, 0x00, 0x00, 0x14, 0x00, 0x00, 0x00, 
    0x0b, 0x00, 0x00, 0x00, 0x00, 0x00, 0x00, 0x02, 0x44, 0x00, 0x00, 0x00, 
    0xf4, 0xfc, 0xff, 0xff, 0x34, 0x00, 0x00, 0x00, 0x73, 0x65, 0x71, 0x75, 
    0x65, 0x6e, 0x74, 0x69, 0x61, 0x6c, 0x2f, 0x63, 0x6f, 0x6e, 0x76, 0x31, 
    0x64, 0x5f, 0x32, 0x2f, 0x63, 0x6f, 0x6e, 0x76, 0x6f, 0x6c, 0x75, 0x74, 
    0x69, 0x6f, 0x6e, 0x2f, 0x42, 0x61, 0x74, 0x63, 0x68, 0x54, 0x6f, 0x53, 
    0x70, 0x61, 0x63, 0x65, 0x4e, 0x44, 0x2f, 0x63, 0x72, 0x6f, 0x70, 0x73, 
    0x00, 0x00, 0x00, 0x00, 0x02, 0x00, 0x00, 0x00, 0x01, 0x00, 0x00, 0x00, 
    0x02, 0x00, 0x00, 0x00, 0x72, 0xfd, 0xff, 0xff, 0x00, 0x00, 0x00, 0x01, 
    0x14, 0x00, 0x00, 0x00, 0x14, 0x00, 0x00, 0x00, 0x0a, 0x00, 0x00, 0x00, 
    0x00, 0x00, 0x00, 0x02, 0x34, 0x00, 0x00, 0x00, 0x5c, 0xfd, 0xff, 0xff, 
    0x27, 0x00, 0x00, 0x00, 0x73, 0x65, 0x71, 0x75, 0x65, 0x6e, 0x74, 0x69, 
    0x61, 0x6c, 0x2f, 0x63, 0x6f, 0x6e, 0x76, 0x31, 0x64, 0x5f, 0x32, 0x2f, 
    0x63, 0x6f, 0x6e, 0x76, 0x6f, 0x6c, 0x75, 0x74, 0x69, 0x6f, 0x6e, 0x2f, 
    0x53, 0x71, 0x75, 0x65, 0x65, 0x7a, 0x65, 0x00, 0x01, 0x00, 0x00, 0x00, 
    0x03, 0x00, 0x00, 0x00, 0xc6, 0xfd, 0xff, 0xff, 0x00, 0x00, 0x00, 0x01, 
    0x14, 0x00, 0x00, 0x00, 0x14, 0x00, 0x00, 0x00, 0x09, 0x00, 0x00, 0x00, 
    0x00, 0x00, 0x00, 0x02, 0x44, 0x00, 0x00, 0x00, 0xb0, 0xfd, 0xff, 0xff, 
    0x37, 0x00, 0x00, 0x00, 0x73, 0x65, 0x71, 0x75, 0x65, 0x6e, 0x74, 0x69, 
    0x61, 0x6c, 0x2f, 0x63, 0x6f, 0x6e, 0x76, 0x31, 0x64, 0x5f, 0x32, 0x2f, 
    0x63, 0x6f, 0x6e, 0x76, 0x6f, 0x6c, 0x75, 0x74, 0x69, 0x6f, 0x6e, 0x2f, 
    0x53, 0x70, 0x61, 0x63, 0x65, 0x54, 0x6f, 0x42, 0x61, 0x74, 0x63, 0x68, 
    0x4e, 0x44, 0x2f, 0x70, 0x61, 0x64, 0x64, 0x69, 0x6e, 0x67, 0x73, 0x00, 
    0x02, 0x00, 0x00, 0x00, 0x01, 0x00, 0x00, 0x00, 0x02, 0x00, 0x00, 0x00, 
    0x2e, 0xfe, 0xff, 0xff, 0x00, 0x00, 0x00, 0x01, 0x14, 0x00, 0x00, 0x00, 
    0x14, 0x00, 0x00, 0x00, 0x08, 0x00, 0x00, 0x00, 0x00, 0x00, 0x00, 0x02, 
    0x1c, 0x00, 0x00, 0x00, 0x18, 0xfe, 0xff, 0xff, 0x0f, 0x00, 0x00, 0x00, 
    0x61, 0x72, 0x69, 0x74, 0x68, 0x2e, 0x63, 0x6f, 0x6e, 0x73, 0x74, 0x61, 
    0x6e, 0x74, 0x32, 0x00, 0x01, 0x00, 0x00, 0x00, 0x01, 0x00, 0x00, 0x00, 
    0x6a, 0xfe, 0xff, 0xff, 0x00, 0x00, 0x00, 0x01, 0x14, 0x00, 0x00, 0x00, 
    0x14, 0x00, 0x00, 0x00, 0x07, 0x00, 0x00, 0x00, 0x00, 0x00, 0x00, 0x02, 
    0x3c, 0x00, 0x00, 0x00, 0x54, 0xfe, 0xff, 0xff, 0x2c, 0x00, 0x00, 0x00, 
    0x73, 0x65, 0x71, 0x75, 0x65, 0x6e, 0x74, 0x69, 0x61, 0x6c, 0x2f, 0x6d, 
    0x61, 0x78, 0x5f, 0x70, 0x6f, 0x6f, 0x6c, 0x69, 0x6e, 0x67, 0x31, 0x64, 
    0x5f, 0x31, 0x2f, 0x4d, 0x61, 0x78, 0x50, 0x6f, 0x6f, 0x6c, 0x31, 0x64, 
    0x2f, 0x53, 0x71, 0x75, 0x65, 0x65, 0x7a, 0x65, 0x00, 0x00, 0x00, 0x00, 
    0x01, 0x00, 0x00, 0x00, 0x03, 0x00, 0x00, 0x00, 0xc6, 0xfe, 0xff, 0xff, 
    0x00, 0x00, 0x00, 0x01, 0x14, 0x00, 0x00, 0x00, 0x14, 0x00, 0x00, 0x00, 
    0x06, 0x00, 0x00, 0x00, 0x00, 0x00, 0x00, 0x02, 0x34, 0x00, 0x00, 0x00, 
    0xb0, 0xfe, 0xff, 0xff, 0x27, 0x00, 0x00, 0x00, 0x73, 0x65, 0x71, 0x75, 
    0x65, 0x6e, 0x74, 0x69, 0x61, 0x6c, 0x2f, 0x63, 0x6f, 0x6e, 0x76, 0x31, 
    0x64, 0x5f, 0x31, 0x2f, 0x63, 0x6f, 0x6e, 0x76, 0x6f, 0x6c, 0x75, 0x74, 
    0x69, 0x6f, 0x6e, 0x2f, 0x53, 0x71, 0x75, 0x65, 0x65, 0x7a, 0x65, 0x00, 
    0x01, 0x00, 0x00, 0x00, 0x03, 0x00, 0x00, 0x00, 0x1a, 0xff, 0xff, 0xff, 
    0x00, 0x00, 0x00, 0x01, 0x14, 0x00, 0x00, 0x00, 0x14, 0x00, 0x00, 0x00, 
    0x05, 0x00, 0x00, 0x00, 0x00, 0x00, 0x00, 0x02, 0x38, 0x00, 0x00, 0x00, 
    0x04, 0xff, 0xff, 0xff, 0x2a, 0x00, 0x00, 0x00, 0x73, 0x65, 0x71, 0x75, 
    0x65, 0x6e, 0x74, 0x69, 0x61, 0x6c, 0x2f, 0x6d, 0x61, 0x78, 0x5f, 0x70, 
    0x6f, 0x6f, 0x6c, 0x69, 0x6e, 0x67, 0x31, 0x64, 0x2f, 0x4d, 0x61, 0x78, 
    0x50, 0x6f, 0x6f, 0x6c, 0x31, 0x64, 0x2f, 0x53, 0x71, 0x75, 0x65, 0x65, 
    0x7a, 0x65, 0x00, 0x00, 0x01, 0x00, 0x00, 0x00, 0x03, 0x00, 0x00, 0x00, 
    0x72, 0xff, 0xff, 0xff, 0x00, 0x00, 0x00, 0x01, 0x14, 0x00, 0x00, 0x00, 
    0x14, 0x00, 0x00, 0x00, 0x04, 0x00, 0x00, 0x00, 0x00, 0x00, 0x00, 0x02, 
    0x1c, 0x00, 0x00, 0x00, 0x5c, 0xff, 0xff, 0xff, 0x0f, 0x00, 0x00, 0x00, 
    0x61, 0x72, 0x69, 0x74, 0x68, 0x2e, 0x63, 0x6f, 0x6e, 0x73, 0x74, 0x61, 
    0x6e, 0x74, 0x31, 0x00, 0x00, 0x00, 0x00, 0x00, 0xaa, 0xff, 0xff, 0xff, 
    0x00, 0x00, 0x00, 0x01, 0x14, 0x00, 0x00, 0x00, 0x14, 0x00, 0x00, 0x00, 
    0x03, 0x00, 0x00, 0x00, 0x00, 0x00, 0x00, 0x02, 0x34, 0x00, 0x00, 0x00, 
    0x94, 0xff, 0xff, 0xff, 0x25, 0x00, 0x00, 0x00, 0x73, 0x65, 0x71, 0x75, 
    0x65, 0x6e, 0x74, 0x69, 0x61, 0x6c, 0x2f, 0x63, 0x6f, 0x6e, 0x76, 0x31, 
    0x64, 0x2f, 0x63, 0x6f, 0x6e, 0x76, 0x6f, 0x6c, 0x75, 0x74, 0x69, 0x6f, 
    0x6e, 0x2f, 0x53, 0x71, 0x75, 0x65, 0x65, 0x7a, 0x65, 0x00, 0x00, 0x00, 
    0x01, 0x00, 0x00, 0x00, 0x03, 0x00, 0x00, 0x00, 0x00, 0x00, 0x16, 0x00, 
    0x1c, 0x00, 0x18, 0x00, 0x17, 0x00, 0x10, 0x00, 0x0c, 0x00, 0x08, 0x00, 
    0x00, 0x00, 0x00, 0x00, 0x00, 0x00, 0x07, 0x00, 0x16, 0x00, 0x00, 0x00, 
    0x00, 0x00, 0x00, 0x01, 0x18, 0x00, 0x00, 0x00, 0x18, 0x00, 0x00, 0x00, 
    0x02, 0x00, 0x00, 0x00, 0x00, 0x00, 0x00, 0x02, 0x20, 0x00, 0x00, 0x00, 
    0x04, 0x00, 0x04, 0x00, 0x04, 0x00, 0x00, 0x00, 0x0f, 0x00, 0x00, 0x00, 
    0x61, 0x72, 0x69, 0x74, 0x68, 0x2e, 0x63, 0x6f, 0x6e, 0x73, 0x74, 0x61, 
    0x6e, 0x74, 0x33, 0x00, 0x00, 0x00, 0x00, 0x00, 0x00, 0x00, 0x16, 0x00, 
    0x20, 0x00, 0x1c, 0x00, 0x1b, 0x00, 0x14, 0x00, 0x10, 0x00, 0x0c, 0x00, 
    0x00, 0x00, 0x00, 0x00, 0x08, 0x00, 0x07, 0x00, 0x16, 0x00, 0x00, 0x00, 
    0x00, 0x00, 0x00, 0x01, 0x18, 0x00, 0x00, 0x00, 0x30, 0x00, 0x00, 0x00, 
    0x4c, 0x00, 0x00, 0x00, 0x01, 0x00, 0x00, 0x00, 0x00, 0x00, 0x00, 0x09, 
    0x64, 0x00, 0x00, 0x00, 0x03, 0x00, 0x00, 0x00, 0xff, 0xff, 0xff, 0xff, 
    0x32, 0x00, 0x00, 0x00, 0x06, 0x00, 0x00, 0x00, 0x0c, 0x00, 0x0c, 0x00, 
    0x00, 0x00, 0x00, 0x00, 0x08, 0x00, 0x04, 0x00, 0x0c, 0x00, 0x00, 0x00, 
    0x08, 0x00, 0x00, 0x00, 0x10, 0x00, 0x00, 0x00, 0x01, 0x00, 0x00, 0x00, 
    0x07, 0x00, 0x00, 0x00, 0x00, 0x00, 0x00, 0x00, 0x01, 0x00, 0x00, 0x00, 
    0x46, 0x6a, 0x58, 0x40, 0x1e, 0x00, 0x00, 0x00, 0x73, 0x65, 0x72, 0x76, 
    0x69, 0x6e, 0x67, 0x5f, 0x64, 0x65, 0x66, 0x61, 0x75, 0x6c, 0x74, 0x5f, 
    0x6b, 0x65, 0x72, 0x61, 0x73, 0x5f, 0x74, 0x65, 0x6e, 0x73, 0x6f, 0x72, 
    0x3a, 0x30, 0x00, 0x00, 0x03, 0x00, 0x00, 0x00, 0x01, 0x00, 0x00, 0x00, 
    0x32, 0x00, 0x00, 0x00, 0x06, 0x00, 0x00, 0x00, 0x0b, 0x00, 0x00, 0x00, 
    0xec, 0x00, 0x00, 0x00, 0xcc, 0x00, 0x00, 0x00, 0xac, 0x00, 0x00, 0x00, 
    0xa0, 0x00, 0x00, 0x00, 0x88, 0x00, 0x00, 0x00, 0x68, 0x00, 0x00, 0x00, 
    0x54, 0x00, 0x00, 0x00, 0x40, 0x00, 0x00, 0x00, 0x2c, 0x00, 0x00, 0x00, 
    0x18, 0x00, 0x00, 0x00, 0x04, 0x00, 0x00, 0x00, 0x68, 0xff, 0xff, 0xff, 
    0x19, 0x00, 0x00, 0x00, 0x02, 0x00, 0x00, 0x00, 0x00, 0x00, 0x00, 0x19, 
    0x78, 0xff, 0xff, 0xff, 0x09, 0x00, 0x00, 0x00, 0x04, 0x00, 0x00, 0x00, 
    0x00, 0x00, 0x00, 0x09, 0x88, 0xff, 0xff, 0xff, 0x28, 0x00, 0x00, 0x00, 
    0x02, 0x00, 0x00, 0x00, 0x00, 0x00, 0x00, 0x28, 0x98, 0xff, 0xff, 0xff, 
    0x25, 0x00, 0x00, 0x00, 0x03, 0x00, 0x00, 0x00, 0x00, 0x00, 0x00, 0x25, 
    0xa8, 0xff, 0xff, 0xff, 0x26, 0x00, 0x00, 0x00, 0x03, 0x00, 0x00, 0x00, 
    0x00, 0x00, 0x00, 0x26, 0xb8, 0xff, 0xff, 0xff, 0x11, 0x00, 0x00, 0x00, 
    0x02, 0x00, 0x00, 0x00, 0x00, 0x00, 0x00, 0x11, 0x0c, 0x00, 0x0a, 0x00, 
    0x09, 0x00, 0x00, 0x00, 0x00, 0x00, 0x04, 0x00, 0x0c, 0x00, 0x00, 0x00, 
    0x16, 0x00, 0x00, 0x00, 0x00, 0x16, 0x0a, 0x00, 0x08, 0x00, 0x00, 0x00, 
    0x00, 0x00, 0x04, 0x00, 0x0a, 0x00, 0x00, 0x00, 0x02, 0x00, 0x00, 0x00, 
    0xf0, 0xff, 0xff, 0xff, 0x12, 0x00, 0x00, 0x00, 0x02, 0x00, 0x00, 0x00, 
    0x00, 0x00, 0x00, 0x12, 0x0c, 0x00, 0x10, 0x00, 0x0f, 0x00, 0x00, 0x00, 
    0x08, 0x00, 0x04, 0x00, 0x0c, 0x00, 0x00, 0x00, 0x03, 0x00, 0x00, 0x00, 
    0x03, 0x00, 0x00, 0x00, 0x00, 0x00, 0x00, 0x03, 0x0c, 0x00, 0x0c, 0x00, 
    0x0b, 0x00, 0x00, 0x00, 0x00, 0x00, 0x04, 0x00, 0x0c, 0x00, 0x00, 0x00, 
    0x46, 0x00, 0x00, 0x00, 0x00, 0x00, 0x00, 0x46, 
};

#endif // MODEL_DATA_H
